source,country,brand,category,link
kakaku,JP,iQOS,Tobacco Heating Systems,https://review.kakaku.com/review/S0000928600/
amazon,JP,iQOS,Tobacco Heating Systems,https://www.amazon.co.jp/dp/B09FJ6L1KY
amazon,JP,iQOS,Tobacco Heating Systems,https://www.amazon.co.jp/dp/B09F9TJJR1
amazon,JP,iQOS,Tobacco Heating Systems,https://www.amazon.co.jp/dp/B09FB2XLYM
amazon,JP,Ploom,Tobacco Heating Systems,https://www.amazon.co.jp/dp/B09D1F4V3X
rakuten,JP,iQOS,Tobacco Heating Systems,https://review.rakuten.co.jp/item/1/339161_10000870/1.1/
rakuten,JP,iQOS,Tobacco Heating Systems,https://review.rakuten.co.jp/item/1/351997_10000963/1.1/
rakuten,JP,iQOS,Tobacco Heating Systems,https://review.rakuten.co.jp/item/1/351997_10000962/1.1/
rakuten,JP,iQOS,Tobacco Heating Systems,https://review.rakuten.co.jp/item/1/394030_10000059/1.1/
rakuten,JP,iQOS,Tobacco Heating Systems,https://review.rakuten.co.jp/item/1/394030_10000064/1.1/
rakuten,JP,iQOS,Tobacco Heating Systems,https://review.rakuten.co.jp/item/1/315916_10001882/1.1/
rakuten,JP,iQOS,Tobacco Heating Systems,https://review.rakuten.co.jp/item/1/315916_10001881/1.1/
rakuten,JP,iQOS,Tobacco Heating Systems,https://review.rakuten.co.jp/item/1/351997_10000961/1.1/
rakuten,JP,iQOS,Tobacco Heating Systems,https://review.rakuten.co.jp/item/1/394030_10000054/1.1/
rakuten,JP,iQOS,Tobacco Heating Systems,https://review.rakuten.co.jp/item/1/339161_10000873/1.1/
amazon,JP,iQOS,Tobacco Heating Systems,https://www.amazon.co.jp/dp/B09FB1BC8Y
amazon,JP,iQOS,Tobacco Heating Systems,https://www.amazon.co.jp/dp/B09F9ZJPMH
amazon,JP,iQOS,Tobacco Heating Systems,https://www.amazon.co.jp/dp/B09FB1WJ3X
amazon,JP,iQOS,Tobacco Heating Systems,https://www.amazon.co.jp/dp/B09F9YQD6F
kakaku,JP,iQOS,Tobacco Heating Systems,https://review.kakaku.com/review/S0000928601/
kakaku,JP,Ploom,Tobacco Heating Systems,https://review.kakaku.com/review/S0000924020/
amazon,JP,Ploom,Tobacco Heating Systems,https://www.amazon.co.jp/dp/B09CZYFM15
amazon,JP,Ploom,Tobacco Heating Systems,https://www.amazon.co.jp/dp/B09D37LXZQ
amazon,JP,Ploom,Tobacco Heating Systems,https://www.amazon.co.jp/dp/B09D2WXQN7
rakuten,JP,Ploom,Tobacco Heating Systems,https://review.rakuten.co.jp/item/1/364910_10000438/1.1/
rakuten,JP,iQOS,Tobacco Heating Systems,https://review.rakuten.co.jp/item/1/394030_10000055/1.1/
rakuten,JP,iQOS,Tobacco Heating Systems,https://review.rakuten.co.jp/item/1/394030_10000052/1.1/
rakuten,JP,Ploom,Tobacco Heating Systems,https://review.rakuten.co.jp/item/1/364910_10000437/1.1/
amazon,JP,Ploom,Tobacco Heating Systems,https://www.amazon.co.jp/dp/B09BQGCX7B
krasnoeibeloe,RU,lil,Tobacco Heating Systems,https://krasnoeibeloe.ru/catalog/tvape/ustroystvo_lil_solid_by_iqos_/
rakuten,JP,Ploom,Tobacco Heating Systems,https://review.rakuten.co.jp/item/1/344044_10000219/1.1/?l2-id=item_review
rakuten,JP,Ploom,Tobacco Heating Systems,https://review.rakuten.co.jp/item/1/339161_10000227/1.1/?l2-id=item_review
rakuten,JP,Ploom,Tobacco Heating Systems,https://review.rakuten.co.jp/item/1/320695_10000646/1.1/?l2-id=item_review
rakuten,JP,Mevius,Tobacco Sticks,https://review.rakuten.co.jp/item/1/198543_10000653/1.1/?l2-id=item_review
kakaku,JP,Ploom,Tobacco Heating Systems,https://review.kakaku.com/review/S0000879404
kakaku,JP,Ploom,Tobacco Heating Systems,https://review.kakaku.com/review/S0000841997
kakaku,JP,Ploom,Tobacco Heating Systems,https://review.kakaku.com/review/S0000866137
kakaku,JP,Ploom,Tobacco Heating Systems,https://review.kakaku.com/review/S0000908829
amazon,JP,Ploom,Tobacco Heating Systems,https://www.amazon.co.jp/dp/B074GQ1HBX/
amazon,JP,Ploom,Tobacco Heating Systems,https://www.amazon.co.jp/dp/B07NC4YNB6/
amazon,JP,Ploom,Tobacco Heating Systems,https://www.amazon.co.jp/dp/B07Q618FHD/
amazon,JP,Ploom,Tobacco Heating Systems,https://www.amazon.co.jp/dp/B07DRDT87B/
amazon,JP,Ploom,Tobacco Heating Systems,https://www.amazon.co.jp/dp/B07PZXC3BY/
amazon,JP,iQOS,Tobacco Heating Systems,https://www.amazon.co.jp/dp/B09495V8G2
amazon,JP,iQOS,Tobacco Heating Systems,https://www.amazon.co.jp/dp/B07KTBSS5J/
yahoo,JP,iQOS,Tobacco Heating Systems,https://shopping.yahoo.co.jp/review/item/list?store_id=kabustcstore129&page_key=iqossilver
yahoo,JP,iQOS,Tobacco Heating Systems,https://shopping.yahoo.co.jp/review/item/list?store_id=syshop&page_key=duopurizmu
yahoo,JP,iQOS,Tobacco Heating Systems,https://shopping.yahoo.co.jp/review/item/list?store_id=syshop&page_key=3multibl
yahoo,JP,iQOS,Tobacco Heating Systems,https://shopping.yahoo.co.jp/review/item/list?store_id=syshop&page_key=duosl
yahoo,JP,iQOS,Tobacco Heating Systems,https://shopping.yahoo.co.jp/review/item/list?store_id=syshop&page_key=duogy
yahoo,JP,iQOS,Tobacco Heating Systems,https://shopping.yahoo.co.jp/review/item/list?store_id=esmart&page_key=iqos3-duo
yahoo,JP,iQOS,Tobacco Heating Systems,https://shopping.yahoo.co.jp/review/item/list?store_id=cigar4800&page_key=maluti---kaifuu
yahoo,JP,Ploom,Tobacco Heating Systems,https://shopping.yahoo.co.jp/review/item/list?store_id=plusa-main&page_key=0411-000585
yahoo,JP,Ploom,Tobacco Heating Systems,https://shopping.yahoo.co.jp/review/item/list?store_id=freestyle27&page_key=9021879801
yahoo,JP,Ploom,Tobacco Heating Systems,https://shopping.yahoo.co.jp/review/item/list?store_id=freestyle27&page_key=981339801
yahoo,JP,Ploom,Tobacco Heating Systems,https://shopping.yahoo.co.jp/review/item/list?store_id=mediabiyori&page_key=x07nc4g6n6
yahoo,JP,lil,Tobacco Heating Systems,https://shopping.yahoo.co.jp/review/item/list?store_id=kaikyou&page_key=7622100827900
yahoo,JP,lil,Tobacco Heating Systems,https://shopping.yahoo.co.jp/review/item/list?store_id=alljapan-online-shop&page_key=7622100827887
yahoo,JP,lil,Tobacco Heating Systems,https://shopping.yahoo.co.jp/review/item/list?store_id=kaikyou&page_key=7622100827863
yahoo,JP,lil,Tobacco Heating Systems,https://shopping.yahoo.co.jp/review/item/list?store_id=cigar4800&page_key=lilhybrid
yahoo,JP,lil,Tobacco Heating Systems,https://shopping.yahoo.co.jp/review/item/list?store_id=alljapan-online-shop&page_key=7622100827863
yahoo,JP,Ploom,Tobacco Heating Systems,https://shopping.yahoo.co.jp/review/item/list?store_id=bcj-store&page_key=plooms
yahoo,JP,Ploom,Tobacco Heating Systems,https://shopping.yahoo.co.jp/review/item/list?store_id=cigar4800&page_key=ps20
yahoo,JP,Ploom,Tobacco Heating Systems,https://shopping.yahoo.co.jp/review/item/list?store_id=serekuto-takagise&page_key=ploomx
tabako-sakuranbo,JP,Neo,Tobacco Sticks,https://www.tabako-sakuranbo.co.jp/goods/goods-3929.php
tabako-sakuranbo,JP,Neo,Tobacco Sticks,https://www.tabako-sakuranbo.co.jp/goods/goods-3854.php
tabako-sakuranbo,JP,Neo,Tobacco Sticks,https://www.tabako-sakuranbo.co.jp/goods/goods-3853.php
tabako-sakuranbo,JP,Neo,Tobacco Sticks,https://www.tabako-sakuranbo.co.jp/goods/goods-3851.php
tabako-sakuranbo,JP,Neo,Tobacco Sticks,https://www.tabako-sakuranbo.co.jp/goods/goods-3852.php
tabako-sakuranbo,JP,Neo,Tobacco Sticks,https://www.tabako-sakuranbo.co.jp/goods/goods-3928.php
tabako-sakuranbo,JP,Neo,Tobacco Sticks,https://www.tabako-sakuranbo.co.jp/goods/goods-3855.php
tabako-sakuranbo,JP,Neo,Tobacco Sticks,https://www.tabako-sakuranbo.co.jp/goods/goods-3850.php
tabako-sakuranbo,JP,Neo,Tobacco Sticks,https://www.tabako-sakuranbo.co.jp/goods/goods-3967.php
tabako-sakuranbo,JP,Neo,Tobacco Sticks,https://www.tabako-sakuranbo.co.jp/goods/goods-3966.php
tabako-sakuranbo,JP,Neo,Tobacco Sticks,https://www.tabako-sakuranbo.co.jp/goods/goods-3922.php
tabako-sakuranbo,JP,Neo,Tobacco Sticks,https://www.tabako-sakuranbo.co.jp/goods/goods-3923.php
tabako-sakuranbo,JP,Neo,Tobacco Sticks,https://www.tabako-sakuranbo.co.jp/goods/goods-3921.php
tabako-sakuranbo,JP,Neo,Tobacco Sticks,https://www.tabako-sakuranbo.co.jp/goods/goods-3012.php
tabako-sakuranbo,JP,Neo,Tobacco Sticks,https://www.tabako-sakuranbo.co.jp/goods/goods-3013.php
tabako-sakuranbo,JP,Neo,Tobacco Sticks,https://www.tabako-sakuranbo.co.jp/goods/goods-3768.php
tabako-sakuranbo,JP,Neo,Tobacco Sticks,https://www.tabako-sakuranbo.co.jp/goods/goods-3767.php
tabako-sakuranbo,JP,Neo,Tobacco Sticks,https://www.tabako-sakuranbo.co.jp/goods/goods-3770.php
tabako-sakuranbo,JP,Neo,Tobacco Sticks,https://www.tabako-sakuranbo.co.jp/goods/goods-3772.php
tabako-sakuranbo,JP,Neo,Tobacco Sticks,https://www.tabako-sakuranbo.co.jp/goods/goods-3771.php
tabako-sakuranbo,JP,Neo,Tobacco Sticks,https://www.tabako-sakuranbo.co.jp/goods/goods-3800.php
tabako-sakuranbo,JP,Kent,Tobacco Sticks,https://www.tabako-sakuranbo.co.jp/goods/goods-3752.php
tabako-sakuranbo,JP,Kent,Tobacco Sticks,https://www.tabako-sakuranbo.co.jp/goods/goods-3763.php
tabako-sakuranbo,JP,Kent,Tobacco Sticks,https://www.tabako-sakuranbo.co.jp/goods/goods-3754.php
tabako-sakuranbo,JP,Kent,Tobacco Sticks,https://www.tabako-sakuranbo.co.jp/goods/goods-3753.php
tabako-sakuranbo,JP,Kent,Tobacco Sticks,https://www.tabako-sakuranbo.co.jp/goods/goods-3764.php
tabako-sakuranbo,JP,Kent,Tobacco Sticks,https://www.tabako-sakuranbo.co.jp/goods/goods-3751.php
tabako-sakuranbo,JP,Kent,Tobacco Sticks,https://www.tabako-sakuranbo.co.jp/goods/goods-3766.php
tabako-sakuranbo,JP,Kent,Tobacco Sticks,https://www.tabako-sakuranbo.co.jp/goods/goods-3765.php
tabako-sakuranbo,JP,Kent,Tobacco Sticks,https://www.tabako-sakuranbo.co.jp/goods/goods-3750.php
tabako-sakuranbo,JP,Kent,Tobacco Sticks,https://www.tabako-sakuranbo.co.jp/goods/goods-3747.php
tabako-sakuranbo,JP,HEETS,Tobacco Sticks,https://www.tabako-sakuranbo.co.jp/goods/goods-3708.php
tabako-sakuranbo,JP,HEETS,Tobacco Sticks,https://www.tabako-sakuranbo.co.jp/goods/goods-2218.php
tabako-sakuranbo,JP,HEETS,Tobacco Sticks,https://www.tabako-sakuranbo.co.jp/goods/goods-3710.php
tabako-sakuranbo,JP,HEETS,Tobacco Sticks,https://www.tabako-sakuranbo.co.jp/goods/goods-2681.php
tabako-sakuranbo,JP,HEETS,Tobacco Sticks,https://www.tabako-sakuranbo.co.jp/goods/goods-3932.php
tabako-sakuranbo,JP,HEETS,Tobacco Sticks,https://www.tabako-sakuranbo.co.jp/goods/goods-3709.php
tabako-sakuranbo,JP,Marlboro,Tobacco Sticks,https://www.tabako-sakuranbo.co.jp/goods/goods-3970.php
tabako-sakuranbo,JP,Marlboro,Tobacco Sticks,https://www.tabako-sakuranbo.co.jp/goods/goods-2679.php
tabako-sakuranbo,JP,Marlboro,Tobacco Sticks,https://www.tabako-sakuranbo.co.jp/goods/goods-2572.php
tabako-sakuranbo,JP,Camel,Tobacco Sticks,https://www.tabako-sakuranbo.co.jp/goods/goods-1183.php
tabako-sakuranbo,JP,Camel,Tobacco Sticks,https://www.tabako-sakuranbo.co.jp/goods/goods-1186.php
tabako-sakuranbo,JP,Camel,Tobacco Sticks,https://www.tabako-sakuranbo.co.jp/goods/goods-1184.php
tabako-sakuranbo,JP,Camel,Tobacco Sticks,https://www.tabako-sakuranbo.co.jp/goods/goods-1188.php
tabako-sakuranbo,JP,Camel,Tobacco Sticks,https://www.tabako-sakuranbo.co.jp/goods/goods-1187.php
tabako-sakuranbo,JP,Camel,Tobacco Sticks,https://www.tabako-sakuranbo.co.jp/goods/goods-1189.php
tabako-sakuranbo,JP,Camel,Tobacco Sticks,https://www.tabako-sakuranbo.co.jp/goods/goods-1185.php
tabako-sakuranbo,JP,Camel,Tobacco Sticks,https://www.tabako-sakuranbo.co.jp/goods/goods-1182.php
tabako-sakuranbo,JP,Mevius,Tobacco Sticks,https://www.tabako-sakuranbo.co.jp/goods/goods-1158.php
tabako-sakuranbo,JP,Mevius,Tobacco Sticks,https://www.tabako-sakuranbo.co.jp/goods/goods-1159.php
tabako-sakuranbo,JP,Mevius,Tobacco Sticks,https://www.tabako-sakuranbo.co.jp/goods/goods-1160.php
tabako-sakuranbo,JP,Mevius,Tobacco Sticks,https://www.tabako-sakuranbo.co.jp/goods/goods-1157.php
amazon,IT,Glo,Tobacco Heating Systems,https://www.amazon.it/dp/B08NFR39N3/
thevapecig,GB,iQOS,Tobacco Heating Systems,https://www.thevapecig.co.uk/iqos-3-0-duo-kit-uk-orders-only.html
thevapecig,GB,Ploom,Tobacco Heating Systems,https://www.thevapecig.co.uk/ploom-s-device-champagne.html
thevapecig,GB,Ploom,Tobacco Heating Systems,https://www.thevapecig.co.uk/ploom-s-device-silver.html
thevapecig,GB,Ploom,Tobacco Heating Systems,https://www.thevapecig.co.uk/ploom-s-device-black.html
thevapecig,GB,Ploom,Tobacco Heating Systems,https://www.thevapecig.co.uk/ploom-bundle.html
thevapecig,GB,Evo,Tobacco Sticks,https://www.thevapecig.co.uk/ploom-evo-sticks-sepia.html
thevapecig,GB,Evo,Tobacco Sticks,https://www.thevapecig.co.uk/ploom-evo-sticks-purple.html
thevapecig,GB,Evo,Tobacco Sticks,https://www.thevapecig.co.uk/ploom-evo-sticks-emerald.html
thevapecig,GB,Evo,Tobacco Sticks,https://www.thevapecig.co.uk/ploom-evo-sticks-bronze.html
thevapecig,GB,Evo,Tobacco Sticks,https://www.thevapecig.co.uk/ploom-evo-sticks.html
thevapecig,GB,Ploom,Tobacco Heating Systems,https://www.thevapecig.co.uk/ploom-s-device.html
evapo,GB,HEETS,Tobacco Heating Systems,https://evapo.co.uk/heated-tobacco/iqos-heets-yellow-selection-20-pack
evapo,GB,HEETS,Tobacco Sticks,https://evapo.co.uk/heated-tobacco/iqos-heets-sienna-selection-20-pack
evapo,GB,HEETS,Tobacco Sticks,https://evapo.co.uk/heated-tobacco/iqos-heets-green-selection-20-pack
evapo,GB,HEETS,Tobacco Sticks,https://evapo.co.uk/heated-tobacco/iqos-heets-turquoise-selection-20-pack
evapo,GB,HEETS,Tobacco Sticks,https://evapo.co.uk/heated-tobacco/iqos-heets-blue-selection-20-pack
evapo,GB,HEETS,Tobacco Sticks,https://evapo.co.uk/heated-tobacco/iqos-heets-sienna-caps-20-pack
evapo,GB,Evo,Tobacco Sticks,https://evapo.co.uk/heated-tobacco/evo-purple-sticks-20-pack
evapo,GB,Evo,Tobacco Sticks,https://evapo.co.uk/heated-tobacco/evo-bronze-sticks-20-pack
evapo,GB,Evo,Tobacco Sticks,https://evapo.co.uk/heated-tobacco/evo-emerald-sticks-20-pack
evapo,GB,Evo,Tobacco Sticks,https://evapo.co.uk/heated-tobacco/evo-sepia-sticks-20-pack
evapo,GB,iQOS,Tobacco Heating Systems,https://evapo.co.uk/heated-tobacco/iqos-2-4-plus-kit
evapo,GB,iQOS,Tobacco Heating Systems,https://evapo.co.uk/heated-tobacco/iqos-3-duo-kit
vpz,GB,HEETS,Tobacco Sticks,https://vpz.co.uk/collections/all/products/heets-russet-pack-of-20
vpz,GB,HEETS,Tobacco Sticks,https://vpz.co.uk/collections/all/products/heets-green-pack-of-20
vpz,GB,HEETS,Tobacco Sticks,https://vpz.co.uk/collections/iqos/products/heets-amber-pack-of-20
vpz,GB,iQOS,Tobacco Heating Systems,https://vpz.co.uk/collections/iqos/products/copy-of-iqos-2-4-device
vpz,GB,iQOS,Tobacco Heating Systems,https://vpz.co.uk/collections/iqos/products/iqos-multi-3-device
vpz,GB,iQOS,Tobacco Heating Systems,https://vpz.co.uk/collections/iqos/products/iqos-3-duo-device
vpz,GB,iQOS,Tobacco Heating Systems,https://vpz.co.uk/collections/iqos/products/iqos-multi-3-kit-1
vapehq,GB,HEETS,Tobacco Sticks,https://vapehq.co.uk/collections/iqos-heets/products/iqos-heets-blue-label
vapehq,GB,HEETS,Tobacco Sticks,https://vapehq.co.uk/collections/iqos-heets/products/amber-heets
vapehq,GB,HEETS,Tobacco Sticks,https://vapehq.co.uk/collections/iqos-heets/products/turquoise-heets
vapehq,GB,HEETS,Tobacco Sticks,https://vapehq.co.uk/collections/iqos-heets/products/iqos-heets-sienna-label
vapehq,GB,HEETS,Tobacco Sticks,https://vapehq.co.uk/collections/iqos-heets/products/yellow-heets
vapehq,GB,HEETS,Tobacco Sticks,https://vapehq.co.uk/collections/iqos-heets/products/iqos-heets-sienna-caps
vapehq,GB,HEETS,Tobacco Sticks,https://vapehq.co.uk/collections/iqos-heets/products/iqos-heets-green-selection
vapehq,GB,HEETS,Tobacco Sticks,https://vapehq.co.uk/collections/iqos-heets/products/iqos-heets-teak-selection
vapehq,GB,HEETS,Tobacco Sticks,https://vapehq.co.uk/collections/iqos-heets/products/iqos-heets-russet
vapehq,GB,iQOS,Tobacco Heating Systems,https://vapehq.co.uk/collections/iqos-devices/products/iqos-iqos-3-duo
vapourcore,GB,HEETS,Tobacco Sticks,https://www.vapourcore.com/iqos-heets-sienna-caps-carton-200-sticks.html
vapourcore,GB,HEETS,Tobacco Sticks,https://www.vapourcore.com/heets-blue-label-for-iqos.html
vapourcore,GB,HEETS,Tobacco Sticks,https://www.vapourcore.com/iqos-heets-blue-label-carton-200-sticks.html
vapourcore,GB,HEETS,Tobacco Sticks,https://www.vapourcore.com/heets-green-label-for-iqos.html
vapourcore,GB,HEETS,Tobacco Sticks,https://www.vapourcore.com/heets-russet-label-for-iqos.html
vapourcore,GB,HEETS,Tobacco Sticks,https://www.vapourcore.com/heets-sienna-caps-for-iqos.html
vapourcore,GB,HEETS,Tobacco Sticks,https://www.vapourcore.com/heets-sienna-label-for-iqos.html
vapourcore,GB,HEETS,Tobacco Sticks,https://www.vapourcore.com/heets-teak-label-for-iqos.html
vapourcore,GB,HEETS,Tobacco Sticks,https://www.vapourcore.com/heets-turquoise-label-for-iqos.html
vapourcore,GB,HEETS,Tobacco Sticks,https://www.vapourcore.com/iqos-heets-turquoise-label-carton-200-sticks.html
vapourcore,GB,HEETS,Tobacco Sticks,https://www.vapourcore.com/heets-yellow-label-for-iqos.html
vapourcore,GB,HEETS,Tobacco Sticks,https://www.vapourcore.com/iqos-heets-yellow-label-carton-200-sticks.html
vapourcore,GB,iQOS,Tobacco Heating Systems,https://www.vapourcore.com/iqos-24-plus-starter-kit.html
vapourcore,GB,iQOS,Tobacco Heating Systems,https://www.vapourcore.com/iqos-3-duo-starter-kit.html
vapourcore,GB,HEETS,Tobacco Sticks,https://www.vapourcore.com/iqos-heets-amber-label-carton-200-sticks.html
lontechshop,GB,HEETS,Tobacco Sticks,https://lontechshop.co.uk/iqos-amber-heets-1-pack.html
lontechshop,GB,HEETS,Tobacco Sticks,https://lontechshop.co.uk/iqos-amber-heets-5-packs.html
lontechshop,GB,HEETS,Tobacco Sticks,https://lontechshop.co.uk/iqos-turquoise-heets-5-packs.html
lontechshop,GB,HEETS,Tobacco Sticks,https://lontechshop.co.uk/iqos-sienna-heets-5-packs.html
lontechshop,GB,HEETS,Tobacco Sticks,https://lontechshop.co.uk/iqos-yellow-heets-1-pack.html
lontechshop,GB,HEETS,Tobacco Sticks,https://lontechshop.co.uk/iqos-turquoise-heets-1-pack.html
lontechshop,GB,HEETS,Tobacco Sticks,https://lontechshop.co.uk/iqos-sienna-heets-1-pack.html
lontechshop,GB,HEETS,Tobacco Sticks,https://lontechshop.co.uk/iqos-blue-heets-1-pack.html
lontechshop,GB,HEETS,Tobacco Sticks,https://lontechshop.co.uk/iqos-blue-heets-5-packs.html
lontechshop,GB,HEETS,Tobacco Sticks,https://lontechshop.co.uk/iqos-yellow-heets-5-packs.html
lontechshop,GB,iQOS,Tobacco Heating Systems,https://lontechshop.co.uk/navy-iqos-2-4-plus-starter-kit-with-3-packs-of-heets.html
lontechshop,GB,iQOS,Tobacco Heating Systems,https://lontechshop.co.uk/white-iqos-2-4-plus-starter-kit-with-3-packs-of-heets.html
lontechshop,GB,iQOS,Tobacco Heating Systems,https://lontechshop.co.uk/navy-iqos-3-duo-starter-kit-with-5-packs-of-heets.html#reviews
lontechshop,GB,iQOS,Tobacco Heating Systems,https://lontechshop.co.uk/white-iqos-3-duo-starter-kit-with-5-packs-of-heets.html
amazon,JP,lil,Tobacco Heating Systems,https://www.amazon.co.jp/-/en/dp/B08ZD8N54H
amazon,JP,lil,Tobacco Heating Systems,https://www.amazon.co.jp/-/en/dp/B092ZH3L31
amazon,JP,lil,Tobacco Heating Systems,https://www.amazon.co.jp/-/en/dp/B08M962J35
amazon,JP,lil,Tobacco Heating Systems,https://www.amazon.co.jp/-/en/dp/B08M97DZX5
evapo,GB,HEETS,Tobacco Sticks,https://evapo.co.uk/heated-tobacco/iqos-heets-amber-selection-20-pack
evapo,GB,Ploom,Tobacco Heating Systems,https://evapo.co.uk/heated-tobacco/ploom-s-bundle
vapourcore,GB,Evo,Tobacco Sticks,https://www.vapourcore.com/ploom-evo-purple-tobacco-sticks.html
vapourcore,GB,Evo,Tobacco Sticks,https://www.vapourcore.com/ploom-evo-sepia-tobacco-sticks.html
vapourcore,GB,Evo,Tobacco Sticks,https://www.vapourcore.com/ploom-evo-emerald-tobacco-sticks.html
vapourcore,GB,Evo,Tobacco Sticks,https://www.vapourcore.com/ploom-evo-bronze-tobacco-sticks.html
vapourcore,GB,Ploom,Tobacco Heating Systems,https://www.vapourcore.com/ploom-model-s-device.html
vapourcore,GB,Ploom,Tobacco Heating Systems,https://www.vapourcore.com/ploom-bundle.html
tabako-sakuranbo,JP,Marlboro,Tobacco Sticks,https://www.tabako-sakuranbo.co.jp/goods/goods-2195.php#kansou
tabako-sakuranbo,JP,Marlboro,Tobacco Sticks,https://www.tabako-sakuranbo.co.jp/goods/goods-2194.php#kansou
tabako-sakuranbo,JP,Marlboro,Tobacco Sticks,https://www.tabako-sakuranbo.co.jp/goods/goods-3803.php#kansou
tabako-sakuranbo,JP,Marlboro,Tobacco Sticks,https://www.tabako-sakuranbo.co.jp/goods/goods-4536.php#kansou
tabako-sakuranbo,JP,Marlboro,Tobacco Sticks,https://www.tabako-sakuranbo.co.jp/goods/goods-3883.php#kansou
tabako-sakuranbo,JP,Marlboro,Tobacco Sticks,https://www.tabako-sakuranbo.co.jp/goods/goods-3951.php#kansou
tabako-sakuranbo,JP,Marlboro,Tobacco Sticks,https://www.tabako-sakuranbo.co.jp/goods/goods-4537.php#kansou
tabako-sakuranbo,JP,Marlboro,Tobacco Sticks,https://www.tabako-sakuranbo.co.jp/goods/goods-4484.php#kansou
tabako-sakuranbo,JP,Marlboro,Tobacco Sticks,https://www.tabako-sakuranbo.co.jp/goods/goods-4483.php#kansou
tabako-sakuranbo,JP,HEETS,Tobacco Sticks,https://www.tabako-sakuranbo.co.jp/goods/goods-2861.php#kansou
tabako-sakuranbo,JP,HEETS,Tobacco Sticks,https://www.tabako-sakuranbo.co.jp/goods/goods-3801.php#kansou
tabako-sakuranbo,JP,HEETS,Tobacco Sticks,https://www.tabako-sakuranbo.co.jp/goods/goods-3711.php#kansou
tabako-sakuranbo,JP,HEETS,Tobacco Sticks,https://www.tabako-sakuranbo.co.jp/goods/goods-3708.php#kansou
tabako-sakuranbo,JP,HEETS,Tobacco Sticks,https://www.tabako-sakuranbo.co.jp/goods/goods-3936.php#kansou
tabako-sakuranbo,JP,HEETS,Tobacco Sticks,https://www.tabako-sakuranbo.co.jp/goods/goods-3802.php#kansou
yahoo,JP,Glo,Tobacco Heating Systems,https://shopping.yahoo.co.jp/review/item/list?store_id=cigar4800&page_key=glo---world&sc_i=shp_pc_item_review_c
yahoo,JP,Glo,Tobacco Heating Systems,https://shopping.yahoo.co.jp/review/item/list?store_id=cigar4800&page_key=hyperplus---black&sc_i=shp_pc_item_review_c
yahoo,JP,Glo,Tobacco Heating Systems,https://shopping.yahoo.co.jp/products/e4fd1ad2db
yahoo,JP,Ploom,Tobacco Heating Systems,https://shopping.yahoo.co.jp/review/item/list?store_id=cigar4800&page_key=ps---z&sc_i=shp_pc_item_review_c
kakaku,JP,lil,Tobacco Heating Systems,https://review.kakaku.com/review/S0000909521/
amazon,IT,iQOS,Tobacco Heating Systems,https://www.amazon.it/dp/B07CQ7QBQ2/
amazon,IT,iQOS,Tobacco Heating Systems,https://www.amazon.it/dp/B07MVCRXPC/
amazon,IT,iQOS,Tobacco Heating Systems,https://www.amazon.it/dp/B07KR942SG/
amazon,IT,iQOS,Tobacco Heating Systems,https://www.amazon.it/dp/B07N7CSPS1/
amazon,IT,Glo,Tobacco Heating Systems,https://www.amazon.it/dp/B08Y6L6ZWH/
amazon,IT,Glo,Tobacco Heating Systems,https://www.amazon.it/dp/B08Y5GJ92K/
amazon,IT,Glo,Tobacco Heating Systems,https://www.amazon.it/dp/B08Y6QD4B2/
amazon,IT,Glo,Tobacco Heating Systems,https://www.amazon.it/dp/B08NFMG2HK/
amazon,IT,iQOS,Tobacco Heating Systems,https://www.amazon.it/dp/B07G6HJFGV
opinioni,IT,Glo,Tobacco Heating Systems,https://opinioni.it/glo-british-american-tobacco/
opinioni,IT,iQOS,Tobacco Heating Systems,https://opinioni.it/iqos/
amazon,IT,iQOS,Tobacco Heating Systems,https://www.amazon.it/dp/B07MVBFWD5/
amazon,IT,Glo,Tobacco Heating Systems,https://www.amazon.it/dp/B086WZTSR3/
amazon,IT,iQOS,Tobacco Heating Systems,https://www.amazon.it/dp/B07TBB7QNQ
amazon,IT,Glo,Tobacco Heating Systems,https://www.amazon.it/dp/B08178H8RM
amazon,IT,iQOS,Tobacco Heating Systems,https://www.amazon.it/dp/B07BD2GHRP
amazon,IT,iQOS,Tobacco Heating Systems,https://www.amazon.it/dp/B07BC6K6RQ
rakuten,JP,Ploom,Tobacco Heating Systems,https://review.rakuten.co.jp/item/1/339161_10000005/1.1/?l2-id=item_review
rakuten,JP,Ploom,Tobacco Heating Systems,https://review.rakuten.co.jp/item/1/364910_10000298/1.1/
kakaku,JP,Ploom,Tobacco Heating Systems,https://review.kakaku.com/review/S0000866138/
rakuten,JP,Ploom,Tobacco Heating Systems,https://review.rakuten.co.jp/item/1/198543_10000653/1.1/
rakuten,JP,Ploom,Tobacco Heating Systems,https://review.rakuten.co.jp/item/1/198543_10000652/1.1/
rakuten,JP,Ploom,Tobacco Heating Systems,https://item.rakuten.co.jp/snus/518736-80041-1-2-3/
rakuten,JP,Ploom,Tobacco Heating Systems,https://review.rakuten.co.jp/item/1/351997_10000131/1.1/
rakuten,JP,Ploom,Tobacco Heating Systems,https://review.rakuten.co.jp/item/1/351997_10000196/1.1/
rakuten,JP,Ploom,Tobacco Heating Systems,https://review.rakuten.co.jp/item/1/397216_10000052/1.1/
rakuten,JP,Ploom,Tobacco Heating Systems,https://review.rakuten.co.jp/item/1/339161_10000122/1.1/
rakuten,JP,Ploom,Tobacco Heating Systems,https://review.rakuten.co.jp/item/1/320695_10000566/1.1/
rakuten,JP,Ploom,Tobacco Heating Systems,https://review.rakuten.co.jp/item/1/364910_10000354/1.1/
rakuten,JP,Ploom,Tobacco Heating Systems,https://review.rakuten.co.jp/item/1/364910_10000355/1.1/
rakuten,JP,Ploom,Tobacco Heating Systems,https://review.rakuten.co.jp/item/1/364910_10000356/1.1/
yahoo,JP,Glo,Tobacco Heating Systems,https://shopping.yahoo.co.jp/review/item/list?store_id=serekuto-takagise&page_key=88075027793&sc_i=shp_pc_item_review_c
yahoo,JP,Glo,Tobacco Heating Systems,https://shopping.yahoo.co.jp/review/item/list?store_id=syshop&page_key=gloprobk&sc_i=shp_pc_item_review_c
yahoo,JP,Glo,Tobacco Heating Systems,https://shopping.yahoo.co.jp/review/item/list?store_id=serekuto-takagise&page_key=888075033084&sc_i=shp_pc_item_review_c
yahoo,JP,Glo,Tobacco Heating Systems,https://shopping.yahoo.co.jp/review/item/list?store_id=serekuto-takagise&page_key=8888075030410&sc_i=shp_pc_item_review_c
rakuten,JP,Glo,Tobacco Heating Systems,https://review.rakuten.co.jp/item/1/315916_10000595/1.1/
rakuten,JP,Glo,Tobacco Heating Systems,https://review.rakuten.co.jp/item/1/315916_10000403/1.1/?l2-id=item_review
kakaku,JP,Glo,Tobacco Heating Systems,https://review.kakaku.com/review/S0000879093/#tab
kakaku,JP,Glo,Tobacco Heating Systems,https://review.kakaku.com/review/S0000841998/#tab
kakaku,JP,Glo,Tobacco Heating Systems,https://review.kakaku.com/review/S0000897709/#tab
rakuten,JP,Glo,Tobacco Heating Systems,https://review.rakuten.co.jp/item/1/320695_10000482/1.1/
rakuten,JP,Glo,Tobacco Heating Systems,https://review.rakuten.co.jp/item/1/320695_10000684/1.1/
rakuten,JP,Glo,Tobacco Heating Systems,https://review.rakuten.co.jp/item/1/397216_10000023/1.1/
rakuten,JP,Glo,Tobacco Heating Systems,https://review.rakuten.co.jp/item/1/320695_10000653/1.1/
rakuten,JP,Glo,Tobacco Heating Systems,https://review.rakuten.co.jp/item/1/320695_10000620/1.1/
rakuten,JP,Glo,Tobacco Heating Systems,https://review.rakuten.co.jp/item/1/320695_10000630/1.1/
rakuten,JP,Glo,Tobacco Heating Systems,https://review.rakuten.co.jp/item/1/397216_10000044/1.1/
iqos,JP,iQOS,Tobacco Heating Systems,https://jp.iqos.com/products/iqos/3multi
iqos,JP,iQOS,Tobacco Heating Systems,https://jp.iqos.com/products/iqos/3duo
rakuten,JP,HEETS,Tobacco Sticks,https://review.rakuten.co.jp/item/1/198543_10000553/1.1/
rakuten,JP,HEETS,Tobacco Sticks,https://review.rakuten.co.jp/item/1/198543_10000552/1.1/
rakuten,JP,HEETS,Tobacco Sticks,https://review.rakuten.co.jp/item/1/198543_10000550/1.1/
rakuten,JP,HEETS,Tobacco Sticks,https://review.rakuten.co.jp/item/1/198543_10000914/1.1/
rakuten,JP,iQOS,Tobacco Heating Systems,https://review.rakuten.co.jp/item/1/315916_10000330/1.1/?l2-id=item_review
yahoo,JP,iQOS,Tobacco Heating Systems,https://shopping.yahoo.co.jp/review/item/list?store_id=syshop&page_key=iqosn&sc_i=shp_pc_item_review_c
yahoo,JP,iQOS,Tobacco Heating Systems,https://shopping.yahoo.co.jp/review/item/list?store_id=syshop&page_key=iqosmulti&sc_i=shp_pc_item_review_c
rakuten,JP,iQOS,Tobacco Heating Systems,https://review.rakuten.co.jp/item/1/339161_10000184/1.1/
yahoo,JP,iQOS,Tobacco Heating Systems,https://shopping.yahoo.co.jp/review/item/list?store_id=cigar4800&page_key=duo---blue&sc_i=shp_pc_item_review_c
rakuten,JP,iQOS,Tobacco Heating Systems,https://review.rakuten.co.jp/item/1/381003_10000005/1.1/
kakaku,JP,iQOS,Tobacco Heating Systems,https://review.kakaku.com/review/S0000880101/
rakuten,JP,HEETS,Tobacco Sticks,https://review.rakuten.co.jp/item/1/198543_10000561/1.1/?l2-id=item_review
rakuten,JP,HEETS,Tobacco Sticks,https://review.rakuten.co.jp/item/1/198543_10000560/1.1/?l2-id=item_review
rakuten,JP,HEETS,Tobacco Sticks,https://review.rakuten.co.jp/item/1/198543_10000553/1.1/?l2-id=item_review
rakuten,JP,HEETS,Tobacco Sticks,https://review.rakuten.co.jp/item/1/198543_10000555/1.1/?l2-id=item_review
rakuten,JP,HEETS,Tobacco Sticks,https://review.rakuten.co.jp/item/1/198543_10000562/1.1/?l2-id=item_review
rakuten,JP,HEETS,Tobacco Sticks,https://review.rakuten.co.jp/item/1/198543_10000914/1.1/?l2-id=item_review
rakuten,JP,iQOS,Tobacco Heating Systems,https://review.rakuten.co.jp/item/1/315916_10001192/1.1/
rakuten,JP,iQOS,Tobacco Heating Systems,https://review.rakuten.co.jp/item/1/386040_10000172/1.1/
rakuten,JP,iQOS,Tobacco Heating Systems,https://review.rakuten.co.jp/item/1/320695_10000414/1.1/
rakuten,JP,iQOS,Tobacco Heating Systems,https://review.rakuten.co.jp/item/1/315916_10000349/1.1/?l2-id=item_review
rakuten,JP,iQOS,Tobacco Heating Systems,https://review.rakuten.co.jp/item/1/351997_10000167/1.1/
rakuten,JP,iQOS,Tobacco Heating Systems,https://review.rakuten.co.jp/item/1/339230_10000140/1.1/
rakuten,JP,iQOS,Tobacco Heating Systems,https://review.rakuten.co.jp/item/1/351997_10000013/1.1/
rakuten,JP,iQOS,Tobacco Heating Systems,https://review.rakuten.co.jp/item/1/339161_10000146/1.1/
rakuten,JP,iQOS,Tobacco Heating Systems,https://review.rakuten.co.jp/item/1/387915_10000247/1.1/
rakuten,JP,iQOS,Tobacco Heating Systems,https://review.rakuten.co.jp/item/1/394030_10000039/1.1/
rakuten,JP,iQOS,Tobacco Heating Systems,https://review.rakuten.co.jp/item/1/339230_10000013/1.1/
rakuten,JP,iQOS,Tobacco Heating Systems,https://review.rakuten.co.jp/item/1/320695_10000491/1.1/
rakuten,JP,iQOS,Tobacco Heating Systems,https://review.rakuten.co.jp/item/1/397216_10000123/1.1/
rakuten,JP,iQOS,Tobacco Heating Systems,https://review.rakuten.co.jp/item/1/351997_10000778/1.1/
rakuten,JP,iQOS,Tobacco Heating Systems,https://review.rakuten.co.jp/item/1/315916_10000422/1.1/?l2-id=item_review
ozon,RU,iQOS,Tobacco Heating Systems,https://www.ozon.ru/category/sistemy-nagrevaniya-15970/
otzovik,RU,Neo,Tobacco Sticks,https://otzovik.com/reviews/stiki_neo_creamy_tobacco_glo/
otzovik,RU,HEETS,Tobacco Sticks,https://otzovik.com/show_filter.php?cat_id=1000459&f[b]=Philip+Morris
otzovik,RU,lil,Tobacco Heating Systems,https://otzovik.com/reviews/sistema_nagrevaniya_tabaka_lil_solid/
irecommend,RU,lil,Tobacco Heating Systems,https://irecommend.ru/taxonomy/term/1624787
irecommend,RU,iQOS,Tobacco Heating Systems,https://irecommend.ru/taxonomy/term/1272309
provapes,RU,HEETS,Tobacco Sticks,https://provapes.ru/iqos/chto-takoe-stiki-dlya-iqos
provapes,RU,Glo,Tobacco Heating Systems,https://provapes.ru/iqos/chto-luchshe-glo-ili-iqos
provapes,RU,Glo,Tobacco Heating Systems,https://provapes.ru/glo/instruktsiya-po-ispolzovaniyu-glo-nagrevatelya
provapes,RU,iQOS,Tobacco Heating Systems,https://provapes.ru/iqos/pochemu-ajkos-gorit-i-migaet-krasnym
provapes,RU,iQOS,Tobacco Heating Systems,https://provapes.ru/iqos/pochemu-posle-ajkos-nevozmozhno-kurit-obychnye-sigarety
provapes,RU,HEETS,Tobacco Sticks,https://provapes.ru/iqos/4-vkusa-stikov-dlya-ajkos-heets-creations
provapes,RU,Ploom,Tobacco Heating Systems,https://provapes.ru/nagrevateli-tabaka/ploom-migaet-vosklicatelnyj-znak
zedaco,DE,Glo,Tobacco Heating Systems,https://zedaco.de/glo-hyper-device-kit-black-schwarz-28004
zedaco,DE,iQOS,Tobacco Heating Systems,https://zedaco.de/iqos-3.0-duo-brilliant-gold-24551
zedaco,DE,Glo,Tobacco Heating Systems,https://zedaco.de/blog/glo-vs.-iqos-der-grosse-vergleich-und-testbericht
discoverglo,DE,Glo,Tobacco Heating Systems,https://www.discoverglo.com/de/de/glo-tabak-heater/glo-nativ-starter-kit-new-york/
discoverglo,DE,Glo,Tobacco Heating Systems,https://www.discoverglo.com/de/de/glo-tabak-heater/glo-nativ-starter-kit-london/
discoverglo,DE,Glo,Tobacco Heating Systems,https://www.discoverglo.com/de/de/glo-tabak-heater/glo-nativ-starter-kit-rio/
discoverglo,DE,Glo,Tobacco Heating Systems,https://www.discoverglo.com/de/de/glo-tabak-heater/glo-nativ-starter-kit-barcelona/
discoverglo,DE,Glo,Tobacco Heating Systems,https://www.discoverglo.com/de/de/glo-tabak-heater/glo-tabakerhitzer-starter-kit/
otzyvy,RU,Ploom,Tobacco Heating Systems,https://otzyvy.pro/reviews/otzyvy-ploom-otzyvy-pokupateley-416716.html
otzyvy,RU,Glo,Tobacco Heating Systems,https://otzyvy.pro/reviews/otzyvy-elektronnaya-sigareta-glo-pro-black-416521.html
otzyvy,RU,iQOS,Tobacco Heating Systems,https://otzyvy.pro/category/tehnika-i-oborudovanie/elektronnyie-priboryi/695537-aykos.html
otzyvy,RU,iQOS,Tobacco Heating Systems,https://otzyvy.pro/category/krasota-i-zdorove/raznoe_kras_zdor/191098-otzyvy-iqos.html
otzyvy,RU,iQOS,Tobacco Heating Systems,https://otzyvy.pro/reviews/otzyvy-komplekt-iqos-3-duos-belyy-397791.html
otzyvy,RU,HEETS,Tobacco Sticks,https://otzyvy.pro/reviews/otzyvy-stiki-heets-tropical-swift-404005.html
otzyvy,RU,iQOS,Tobacco Heating Systems,https://otzyvy.pro/reviews/otzyvy-iqos-otzyvy-polzovateley-379981.html
otzyvy,RU,iQOS,Tobacco Heating Systems,https://otzyvy.pro/reviews/otzyvy-aykos-otzyvy-kurilschikov-brat-ili-net-380445.html
otzyvy,RU,iQOS,Tobacco Heating Systems,https://otzyvy.pro/reviews/otzyvy-aykos-otzyvy-2019-380266.html
otzyvy,RU,HEETS,Tobacco Sticks,https://otzyvy.pro/reviews/otzyvy-stiki-heets-yellow-406311.html
otzyvy,RU,iQOS,Tobacco Heating Systems,https://otzyvy.pro/reviews/otzyvy-iqos-412514.html
otzyvy,RU,iQOS,Tobacco Heating Systems,https://otzyvy.pro/reviews/otzyvy-aykos-otzyvy-pokupateley-415156.html
otzyvy,RU,iQOS,Tobacco Heating Systems,https://otzyvy.pro/category/krasota-i-zdorove/704123-iqos-kupit.html
bristol,RU,Glo,Tobacco Heating Systems,https://bristol.ru/catalog/vape/devices_1/nabor_glo_hyper_plus_chernyy/
bristol,RU,Glo,Tobacco Heating Systems,https://bristol.ru/catalog/vape/devices_1/nabor_glo_hyper_plus_siniy/
bristol,RU,lil,Tobacco Heating Systems,https://bristol.ru/catalog/vape/devices_1/nabor_lil_solid_chernyy/
bristol,RU,lil,Tobacco Heating Systems,https://bristol.ru/catalog/vape/devices_1/nabor_lil_solid_siniy/
bristol,RU,Glo,Tobacco Heating Systems,https://bristol.ru/catalog/vape/devices_1/nabor_glo_hyper_chernyy/
bristol,RU,Glo,Tobacco Heating Systems,https://bristol.ru/catalog/vape/devices_1/nabor_glo_hyper_siniy/
bristol,RU,iQOS,Tobacco Heating Systems,https://bristol.ru/catalog/vape/devices_1/nabor_iqos_2_4_belyy/
bristol,RU,iQOS,Tobacco Heating Systems,https://bristol.ru/catalog/vape/devices_1/nabor_iqos_2_4_chernyy_1/
bristol,RU,iQOS,Tobacco Heating Systems,https://bristol.ru/catalog/vape/devices_1/nabor_iqos_3_duos_chernyy/
bristol,RU,Ploom,Tobacco Heating Systems,https://bristol.ru/catalog/vape/devices_1/ustroystvo_dlya_nagreva_tabaka_ploom_model_s_chernyy/
bristol,RU,Ploom,Tobacco Heating Systems,https://bristol.ru/catalog/vape/devices_1/ustroystvo_dlya_nagreva_tabaka_ploom_model_s_serebryanyy/
bristol,RU,Ploom,Tobacco Heating Systems,https://bristol.ru/catalog/vape/devices_1/ustroystvo_dlya_nagreva_tabaka_ploom_model_s_shampan/
yandex,RU,lil,Tobacco Heating Systems,https://market.yandex.ru/product--startovyi-nabor-nagrevaniia-lil-solid/713121430
yandex,RU,Glo,Tobacco Heating Systems,https://market.yandex.ru/product--startovyi-nabor-nagrevaniia-glo-hyper/663173042
yandex,RU,Glo,Tobacco Heating Systems,https://market.yandex.ru/product--startovyi-nabor-nagrevaniia-glo-nano/627497017
yandex,RU,iQOS,Tobacco Heating Systems,https://market.yandex.ru/product--startovyi-nabor-nagrevaniia-iqos-iqos-3-duos/627207551
yandex,RU,Glo,Tobacco Heating Systems,https://market.yandex.ru/product--startovyi-nabor-nagrevaniia-glo-pro/627205452
yandex,RU,Glo,Tobacco Heating Systems,https://market.yandex.ru/product--startovyi-nabor-nagrevaniia-glo-mini/493082013
yandex,RU,iQOS,Tobacco Heating Systems,https://market.yandex.ru/product--startovyi-nabor-nagrevaniia-iqos-3-multi/465022550
yandex,RU,iQOS,Tobacco Heating Systems,https://market.yandex.ru/product--startovyi-nabor-nagrevaniia-iqos-3/464997253
yandex,RU,Glo,Tobacco Heating Systems,https://market.yandex.ru/product--startovyi-nabor-nagrevaniia-glo-2-0/436630048
yandex,RU,iQOS,Tobacco Heating Systems,https://market.yandex.ru/product--startovyi-nabor-nagrevaniia-iqos-2-4-plus/434121782
ozon,RU,HEETS,Tobacco Sticks,https://www.ozon.ru/context/detail/id/196290331/
ozon,RU,HEETS,Tobacco Sticks,https://www.ozon.ru/context/detail/id/196290330/
ozon,RU,HEETS,Tobacco Sticks,https://www.ozon.ru/context/detail/id/196290312/
ozon,RU,Glo,Tobacco Heating Systems,https://www.ozon.ru/context/detail/id/192701437/
ozon,RU,HEETS,Tobacco Sticks,https://www.ozon.ru/product/tabachnye-stiki-heets-bronze-selection-blok-utsenennyy-tovar-13-181761055/
ozon,RU,Neo,Tobacco Sticks,https://www.ozon.ru/context/detail/id/181615477/
ozon,RU,Glo,Tobacco Heating Systems,https://www.ozon.ru/product/startovyy-nabor-glo-pro-shampan-177665639/
ozon,RU,Neo,Tobacco Sticks,https://www.ozon.ru/product/neo-demi-tropik-klik-175566575/
ozon,RU,Neo,Tobacco Sticks,https://www.ozon.ru/product/neo-demi-brayt-tobakko-175566570/
ozon,RU,Glo,Tobacco Heating Systems,https://www.ozon.ru/context/detail/id/175566566/
ozon,RU,HEETS,Tobacco Sticks,https://www.ozon.ru/product/stik-heets-dlya-iqos-parliament-bronze-label-170063005/
ozon,RU,Glo,Tobacco Heating Systems,https://www.ozon.ru/context/detail/id/169463337/
ozon,RU,Glo,Tobacco Heating Systems,https://www.ozon.ru/context/detail/id/169463336/
ozon,RU,Glo,Tobacco Heating Systems,https://www.ozon.ru/context/detail/id/169463334/
ozon,RU,Glo,Tobacco Heating Systems,https://www.ozon.ru/context/detail/id/162906078/
ozon,RU,Glo,Tobacco Heating Systems,https://www.ozon.ru/context/detail/id/162572839/
ozon,RU,Glo,Tobacco Heating Systems,https://www.ozon.ru/context/detail/id/162572837/
ozon,RU,Glo,Tobacco Heating Systems,https://www.ozon.ru/context/detail/id/162572836/
ozon,RU,iQOS,Tobacco Heating Systems,https://www.ozon.ru/context/detail/id/161683851/
ozon,RU,iQOS,Tobacco Heating Systems,https://www.ozon.ru/context/detail/id/161683850/
ozon,RU,iQOS,Tobacco Heating Systems,https://www.ozon.ru/context/detail/id/149407144/
ozon,RU,Neo,Tobacco Sticks,https://www.ozon.ru/product/neo-demi-hyper-vanilla-2020-10-pachek-205724153/
ozon,RU,HEETS,Tobacco Sticks,https://www.ozon.ru/product/tabachnye-stiki-heets-creations-glaze-blok-201378005/
ozon,RU,Glo,Tobacco Heating Systems,https://www.ozon.ru/product/startovyy-nabor-glo-hyper-oranzhevyy-194039431/
ozon,RU,Neo,Tobacco Sticks,https://www.ozon.ru/product/neo-demi-rubi-bust-stiki-k-ustroystvam-hyper-10-pachek-194039381/
ozon,RU,Neo,Tobacco Sticks,https://www.ozon.ru/product/neo-demi-brayt-tobakko-stiki-k-ustroystvam-hyper-10-pachek-194039378/
ozon,RU,Neo,Tobacco Sticks,https://www.ozon.ru/product/neo-demi-tropik-klik-stiki-k-ustroystvam-hyper-10-pachek-194039377/
ozon,RU,Neo,Tobacco Sticks,https://www.ozon.ru/product/neo-demi-hyper-tropik-lut-10-pachek-205724154/
ozon,RU,iQOS,Tobacco Heating Systems,https://www.ozon.ru/product/komplekt-iqos-2-4-plus-chernyy-201377994/
ozon,RU,HEETS,Tobacco Sticks,https://www.ozon.ru/context/detail/id/196290329/
ozon,RU,HEETS,Tobacco Sticks,https://www.ozon.ru/context/detail/id/196290303/
ozon,RU,iQOS,Tobacco Heating Systems,https://www.ozon.ru/context/detail/id/195826831/
ozon,RU,Glo,Tobacco Heating Systems,https://www.ozon.ru/context/detail/id/194039440/
ozon,RU,Glo,Tobacco Heating Systems,https://www.ozon.ru/context/detail/id/194039430/
ozon,RU,Glo,Tobacco Heating Systems,https://www.ozon.ru/product/startovyy-nabor-glo-hyper-chernyy-194039427/
ozon,RU,Glo,Tobacco Heating Systems,https://www.ozon.ru/product/startovyy-nabor-glo-pro-shampan-194039401/
ozon,RU,Glo,Tobacco Heating Systems,https://www.ozon.ru/product/startovyy-nabor-glo-pro-fistashkovyy-194039400/
ozon,RU,Glo,Tobacco Heating Systems,https://www.ozon.ru/context/detail/id/194039399/
ozon,RU,Glo,Tobacco Heating Systems,https://www.ozon.ru/product/startovyy-nabor-glo-pro-chernyy-194039398/
ozon,RU,Glo,Tobacco Heating Systems,https://www.ozon.ru/product/startovyy-nabor-glo-pro-krasnyy-194039397/
ozon,RU,Neo,Tobacco Sticks,https://www.ozon.ru/product/neo-demi-berri-klik-stiki-k-ustroystvam-hyper-10-pachek-194039390/
ozon,RU,Neo,Tobacco Sticks,https://www.ozon.ru/product/neo-demi-krimi-tobakko-stiki-k-ustroystvam-hyper-10-pachek-194039389/
ozon,RU,Neo,Tobacco Sticks,https://www.ozon.ru/context/detail/id/194039379/
ozon,RU,Neo,Tobacco Sticks,https://www.ozon.ru/context/detail/id/194039371/
ozon,RU,Neo,Tobacco Sticks,https://www.ozon.ru/product/stiki-dlya-glo-neo-frut-bust-10-pachek-194039370/
ozon,RU,Neo,Tobacco Sticks,https://www.ozon.ru/product/stiki-dlya-glo-neo-klassik-tobakko-10-pachek-194039368/
ozon,RU,Neo,Tobacco Sticks,https://www.ozon.ru/product/stiki-dlya-glo-neo-mohito-klik-10-pachek-194039360/
ozon,RU,Neo,Tobacco Sticks,https://www.ozon.ru/product/stiki-dlya-glo-neo-rubi-bust-10-pachek-194039359/
ozon,RU,Neo,Tobacco Sticks,https://www.ozon.ru/product/stiki-dlya-glo-neo-mint-klik-10-pachek-194039357/
ozon,RU,Neo,Tobacco Sticks,https://www.ozon.ru/product/neo-demi-berri-klik-175566571/
ozon,RU,iQOS,Tobacco Heating Systems,https://www.ozon.ru/context/detail/id/161683848/
ozon,RU,iQOS,Tobacco Heating Systems,https://www.ozon.ru/context/detail/id/149407141/
ozon,RU,Neo,Tobacco Sticks,https://www.ozon.ru/product/neo-demi-rubi-bust-stiki-k-ustroystvam-hyper-10-pachek-187772424/
ozon,RU,Glo,Tobacco Heating Systems,https://www.ozon.ru/product/startovyy-nabor-glo-hyper-chernyy-184447885/
ozon,RU,iQOS,Tobacco Heating Systems,https://www.ozon.ru/context/detail/id/197633809/
ozon,RU,iQOS,Tobacco Heating Systems,https://www.ozon.ru/context/detail/id/195826832/
ozon,RU,HEETS,Tobacco Sticks,https://www.ozon.ru/context/detail/id/144834012/
ozon,RU,HEETS,Tobacco Sticks,https://www.ozon.ru/context/detail/id/201378009/
ozon,RU,Glo,Tobacco Heating Systems,https://www.ozon.ru/context/detail/id/162572833/
ozon,RU,iQOS,Tobacco Heating Systems,https://www.ozon.ru/context/detail/id/161683849/
ozon,RU,HEETS,Tobacco Sticks,https://www.ozon.ru/context/detail/id/201378004/
ozon,RU,Neo,Tobacco Sticks,https://www.ozon.ru/context/detail/id/193576115/
ozon,RU,Glo,Tobacco Heating Systems,https://www.ozon.ru/product/startovyy-nabor-glo-hyper-belyy-184447888/
ozon,RU,iQOS,Tobacco Heating Systems,https://www.ozon.ru/context/detail/id/149407143/
ozon,RU,HEETS,Tobacco Sticks,https://www.ozon.ru/context/detail/id/144834010/
ozon,RU,Glo,Tobacco Heating Systems,https://www.ozon.ru/context/detail/id/198822589/
ozon,RU,Glo,Tobacco Heating Systems,https://www.ozon.ru/context/detail/id/193489561/
ozon,RU,iQOS,Tobacco Heating Systems,https://www.ozon.ru/context/detail/id/193432620/
ozon,RU,Neo,Tobacco Sticks,https://www.ozon.ru/context/detail/id/193349851/
ozon,RU,iQOS,Tobacco Heating Systems,https://www.ozon.ru/product/komplekt-iqos-2-4-plus-chernyy-utsenennyy-tovar-101-191360988/
ozon,RU,lil,Tobacco Heating Systems,https://www.ozon.ru/product/komplekt-lil-solid-siniy-186662853/
ozon,RU,Glo,Tobacco Heating Systems,https://www.ozon.ru/product/startovyy-nabor-glo-hyper-chernyy-185880379/
ozon,RU,HEETS,Tobacco Sticks,https://www.ozon.ru/product/tabachnye-stiki-heets-bronze-selection-blok-utsenennyy-tovar-12-181761053/
ozon,RU,Neo,Tobacco Sticks,https://www.ozon.ru/context/detail/id/175566576/
ozon,RU,Neo,Tobacco Sticks,https://www.ozon.ru/context/detail/id/175566574/
ozon,RU,Glo,Tobacco Heating Systems,https://www.ozon.ru/context/detail/id/175566567/
ozon,RU,HEETS,Tobacco Sticks,https://www.ozon.ru/context/detail/id/160807114/
ozon,RU,iQOS,Tobacco Heating Systems,https://www.ozon.ru/context/detail/id/149407142/
ozon,RU,HEETS,Tobacco Sticks,https://www.ozon.ru/context/detail/id/149407138/
ozon,RU,HEETS,Tobacco Sticks,https://www.ozon.ru/context/detail/id/144834009/
ozon,RU,lil,Tobacco Heating Systems,https://www.ozon.ru/product/komplekt-lil-solid-chernyy-186662854/
ozon,RU,iQOS,Tobacco Heating Systems,https://www.ozon.ru/product/komplekt-iqos-3-duos-serebristo-goluboy-177812950/
ozon,RU,Glo,Tobacco Heating Systems,https://www.ozon.ru/product/startovyy-nabor-glo-hyper-chernyy-175566568/
ozon,RU,Glo,Tobacco Heating Systems,https://www.ozon.ru/context/detail/id/162572838/
ozon,RU,HEETS,Tobacco Sticks,https://www.ozon.ru/context/detail/id/144834013/
ozon,RU,iQOS,Tobacco Heating Systems,https://www.ozon.ru/context/detail/id/142263107/
ozon,RU,Glo,Tobacco Heating Systems,https://www.ozon.ru/context/detail/id/192489220/
ozon,RU,Glo,Tobacco Heating Systems,https://www.ozon.ru/product/startovyy-nabor-glo-pro-siniy-188880909/
ozon,RU,lil,Tobacco Heating Systems,https://www.ozon.ru/product/komplekt-lil-solid-belyy-186662855/
ozon,RU,Glo,Tobacco Heating Systems,https://www.ozon.ru/product/startovyy-nabor-glo-hyper-oranzhevyy-184800514/
ozon,RU,Glo,Tobacco Heating Systems,https://www.ozon.ru/product/startovyy-nabor-glo-hyper-oranzhevyy-184447886/
ozon,RU,Glo,Tobacco Heating Systems,https://www.ozon.ru/product/startovyy-nabor-glo-hyper-siniy-184447836/
ozon,RU,HEETS,Tobacco Sticks,https://www.ozon.ru/product/tabachnye-stiki-heets-green-zing-blok-utsenennyy-tovar-25-184226353/
ozon,RU,iQOS,Tobacco Heating Systems,https://www.ozon.ru/context/detail/id/184168486/
ozon,RU,HEETS,Tobacco Sticks,https://www.ozon.ru/product/heets-tropical-swift-tabachnye-stiki-blok-184136489/
ozon,RU,iQOS,Tobacco Heating Systems,https://www.ozon.ru/context/detail/id/182679763/
ozon,RU,Neo,Tobacco Sticks,https://www.ozon.ru/product/neo-demi-krimi-tobakko-175566573/
ozon,RU,Glo,Tobacco Heating Systems,https://www.ozon.ru/context/detail/id/175566569/
ozon,RU,Glo,Tobacco Heating Systems,https://www.ozon.ru/product/startovyy-nabor-glo-pro-krasnyy-175209891/
ozon,RU,HEETS,Tobacco Sticks,https://www.ozon.ru/product/tabachnye-stiki-heets-purple-wave-blok-170063011/
ozon,RU,HEETS,Tobacco Sticks,https://www.ozon.ru/product/stik-tabachnyy-heets-dlya-iqos-parliament-amber-selection-170063010/
ozon,RU,HEETS,Tobacco Sticks,https://www.ozon.ru/product/stik-tabachnyy-heets-gold-selection-blok-170063009/
ozon,RU,HEETS,Tobacco Sticks,https://www.ozon.ru/product/stik-heets-dlya-iqos-parliament-yellow-label-170063008/
ozon,RU,HEETS,Tobacco Sticks,https://www.ozon.ru/product/stik-heets-dlya-iqos-parliament-turquoise-label-170063007/
ozon,RU,HEETS,Tobacco Sticks,https://www.ozon.ru/product/stik-heets-dlya-iqos-parliament-green-zing-10045815-170063006/
ozon,RU,HEETS,Tobacco Sticks,https://www.ozon.ru/context/detail/id/169961977/
ozon,RU,HEETS,Tobacco Sticks,https://www.ozon.ru/context/detail/id/169961976/
ozon,RU,HEETS,Tobacco Sticks,https://www.ozon.ru/context/detail/id/169961970/
ozon,RU,HEETS,Tobacco Sticks,https://www.ozon.ru/context/detail/id/169961967/
ozon,RU,Glo,Tobacco Heating Systems,https://www.ozon.ru/context/detail/id/169463335/
ozon,RU,iQOS,Tobacco Heating Systems,https://www.ozon.ru/context/detail/id/167897327/
ozon,RU,Neo,Tobacco Sticks,https://www.ozon.ru/context/detail/id/164832074/
ozon,RU,Glo,Tobacco Heating Systems,https://www.ozon.ru/context/detail/id/162572835/
ozon,RU,Neo,Tobacco Sticks,https://www.ozon.ru/context/detail/id/161701211/
ozon,RU,Neo,Tobacco Sticks,https://www.ozon.ru/context/detail/id/161701210/
ozon,RU,iQOS,Tobacco Heating Systems,https://www.ozon.ru/context/detail/id/161683852/
ozon,RU,Neo,Tobacco Sticks,https://www.ozon.ru/context/detail/id/158094331/
ozon,RU,Neo,Tobacco Sticks,https://www.ozon.ru/context/detail/id/158094330/
ozon,RU,Neo,Tobacco Sticks,https://www.ozon.ru/context/detail/id/158093946/
ozon,RU,Glo,Tobacco Heating Systems,https://www.ozon.ru/context/detail/id/154552849/
ozon,RU,iQOS,Tobacco Heating Systems,https://www.ozon.ru/context/detail/id/149407147/
ozon,RU,iQOS,Tobacco Heating Systems,https://www.ozon.ru/context/detail/id/149407140/
ozon,RU,HEETS,Tobacco Sticks,https://www.ozon.ru/context/detail/id/149407139/
ozon,RU,iQOS,Tobacco Heating Systems,https://www.ozon.ru/context/detail/id/142263108/
vpz,GB,iQOS,Tobacco Heating Systems,https://vpz.co.uk/collections/all/products/iqos-duo-kit
vpz,GB,iQOS,Tobacco Heating Systems,https://vpz.co.uk/collections/all/products/iqos-2-4-plus-starter-kit
vpz,GB,HEETS,Tobacco Sticks,https://vpz.co.uk/collections/all/products/heets-teak-pack-of-20
vpz,GB,HEETS,Tobacco Sticks,https://vpz.co.uk/collections/all/products/heets-sienna-caps-pack-of-20
vpz,GB,iQOS,Tobacco Heating Systems,https://vpz.co.uk/collections/all/products/iqos-menthol-starter-kit
vpz,GB,HEETS,Tobacco Sticks,https://vpz.co.uk/collections/all/products/heets-sienna-pack-of-20
vpz,GB,HEETS,Tobacco Sticks,https://vpz.co.uk/collections/all/products/heets-blue-pack-of-20
vpz,GB,HEETS,Tobacco Sticks,https://vpz.co.uk/collections/all/products/heets-turquoise-pack-of-20
vpz,GB,HEETS,Tobacco Sticks,https://vpz.co.uk/collections/all/products/heets-yellow-pack-of-20
amazon,GB,Ploom,Tobacco Heating Systems,https://www.amazon.co.uk/dp/B08YB639PZ
amazon,GB,Ploom,Tobacco Heating Systems,https://www.amazon.co.uk/dp/B08YB58YH3
amazon,DE,Glo,Tobacco Heating Systems,https://www.amazon.de/Tabakerhitzer-orange-einteiliges-Device-elektrischer/product-reviews/B08JZ4D1H2/ref=cm_cr_dp_d_show_all_btm?ie=UTF8&reviewerType=all_reviews
amazon,DE,Glo,Tobacco Heating Systems,https://www.amazon.de/Tabakerhitzer-einteiliges-Device-elektrischer-Heater/product-reviews/B08JYX8Q3T/ref=cm_cr_dp_d_show_all_btm?ie=UTF8&reviewerType=all_reviews
amazon,DE,iQOS,Tobacco Heating Systems,https://www.amazon.de/IQOS-3-0-Warm-White/dp/B07LGDNWS3/ref=sr_1_36?__mk_de_DE=%C3%85M%C3%85%C5%BD%C3%95%C3%91&dchild=1&keywords=iqos&qid=1614172905&sr=8-36
amazon,DE,iQOS,Tobacco Heating Systems,https://www.amazon.de/IQOS-3-Brilliant-Gold/dp/B07R65H8FM/ref=sr_1_29?__mk_de_DE=%C3%85M%C3%85%C5%BD%C3%95%C3%91&dchild=1&keywords=iqos&qid=1614172905&sr=8-29
amazon,DE,iQOS,Tobacco Heating Systems,https://www.amazon.de/IQOSTM-3-DUO-Warm-White/dp/B082PQ27Q8/ref=sr_1_21?__mk_de_DE=%C3%85M%C3%85%C5%BD%C3%95%C3%91&dchild=1&keywords=iqos&qid=1614172905&sr=8-21
amazon,DE,iQOS,Tobacco Heating Systems,https://www.amazon.de/IQOS-3-0-Warm-White/dp/B07MVBFWD5/ref=sr_1_20?__mk_de_DE=%C3%85M%C3%85%C5%BD%C3%95%C3%91&dchild=1&keywords=iqos&qid=1614172905&sr=8-20
amazon,DE,iQOS,Tobacco Heating Systems,https://www.amazon.de/IQOS-Starter-2019-3-Ger%C3%A4tekit-BLAU/product-reviews/B07PQXVKPX/ref=cm_cr_dp_d_show_all_btm?ie=UTF8&reviewerType=all_reviews
amazon,DE,iQOS,Tobacco Heating Systems,https://www.amazon.de/iqos-2-4-Plus-Notte-2018/product-reviews/B07G6HJFGV/ref=cm_cr_dp_d_show_all_btm?ie=UTF8&reviewerType=all_reviews
amazon,DE,iQOS,Tobacco Heating Systems,https://www.amazon.de/IQOS-Velvet-Grey/product-reviews/B07LGDTLJM/ref=cm_cr_dp_d_show_all_btm?ie=UTF8&reviewerType=all_reviews
amazon,DE,iQOS,Tobacco Heating Systems,https://www.amazon.de/2-4-IQOS-Plus-Bluetooth-Beheizter-Tabak-Echt-Geschmack-Starter-KIT/product-reviews/B07G6SDNSV/ref=cm_cr_dp_d_show_all_btm?ie=UTF8&reviewerType=all_reviews
amazon,DE,iQOS,Tobacco Heating Systems,https://www.amazon.de/Iqos-IR1-IQOS-Starter-NACHTBLAU/product-reviews/B00I8QGP3E/ref=cm_cr_dp_d_show_all_btm?ie=UTF8&reviewerType=all_reviews
amazon,DE,iQOS,Tobacco Heating Systems,https://www.amazon.de/IQOS-Starter-2019-3-Ger%C3%A4tekit-GOLD/dp/B07PPXGHZ1/ref=sr_1_11?__mk_de_DE=%C3%85M%C3%85%C5%BD%C3%95%C3%91&dchild=1&keywords=iqos&qid=1614172905&sr=8-11
amazon,DE,iQOS,Tobacco Heating Systems,https://www.amazon.de/IQOS-Starter-2019-Device-Schwarz/product-reviews/B07PPVHWBS/ref=cm_cr_dp_d_show_all_btm?ie=UTF8&reviewerType=all_reviews
amazon,DE,iQOS,Tobacco Heating Systems,https://www.amazon.de/IQOS-2-4-PLUS-Bluetooth-erh%C3%A4ltlich-Nachtblau-Navy/dp/B075SNWZKN/ref=sr_1_9?__mk_de_DE=%C3%85M%C3%85%C5%BD%C3%95%C3%91&dchild=1&keywords=iqos&qid=1614172905&sr=8-9
amazon,DE,iQOS,Tobacco Heating Systems,https://www.amazon.de/IQOS-MULTI-Kit-Tabakerhitzer-erh%C3%A4ltlich/product-reviews/B08PMCX5NR/ref=cm_cr_dp_d_show_all_btm?ie=UTF8&reviewerType=all_reviews
amazon,DE,iQOS,Tobacco Heating Systems,https://www.amazon.de/IQOS-Plus-Nachtblau-Navy-Blue/product-reviews/B07JJYXW53/ref=cm_cr_dp_d_show_all_btm?ie=UTF8&reviewerType=all_reviews
amazon,DE,iQOS,Tobacco Heating Systems,https://www.amazon.de/IQOS-Philip-Zigarette-Nikotin-Tabakerhitzer/product-reviews/B088TM48M8/ref=cm_cr_dp_d_show_all_btm?ie=UTF8&reviewerType=all_reviews
amazon,ES,Glo,Tobacco Heating Systems,https://www.amazon.es/dp/B086WZDX2Z?tag=eltabacosinco-21&linkCode=ogi&th=1
amazon,ES,Glo,Tobacco Heating Systems,https://www.amazon.es/dp/B086WZXGVR?tag=eltabacosinco-21&linkCode=ogi&th=1
amazon,ES,Glo,Tobacco Heating Systems,https://www.amazon.es/dp/B086X1GBCJ?tag=eltabacosinco-21&linkCode=ogi&th=1&psc=1
amazon,ES,Glo,Tobacco Heating Systems,https://www.amazon.es/dp/B086WZTSR3?tag=eltabacosinco-21&linkCode=ogi&th=1
amazon,ES,iQOS,Tobacco Heating Systems,https://www.amazon.es/IQOS-Kit-Iqos-Duo-White/dp/B086YWRH62/ref=pd_sbs_7?pd_rd_w=3CSCC&pf_rd_p=7bffda54-7167-4cdc-9288-b3a1a4649ec3&pf_rd_r=FDTF23CHCYYF4E0GCSQM&pd_rd_r=6fb6d2c9-3a7f-44d9-99ea-9d280cd01496&pd_rd_wg=iUuHA&pd_rd_i=B086YWRH62&psc=1#customerReviews
amazon,ES,iQOS,Tobacco Heating Systems,https://www.amazon.es/Completo-alquitran-combusti%C3%B3n-saludable-cigarillos/dp/B07B8LV44N/ref=pd_vtp_4?pd_rd_w=ztOOV&pf_rd_p=e26ef2a7-3c09-4299-894f-7a6c3668f8eb&pf_rd_r=2H3CWYGZ71FGB976J9QN&pd_rd_r=66c34c97-feac-4c37-8bfd-3044319e2d3c&pd_rd_wg=BnLAT&pd_rd_i=B07B8LV44N&psc=1
amazon,ES,iQOS,Tobacco Heating Systems,https://www.amazon.es/IQOS-Duo-Nera-Dispositivo-nicotina/dp/B082PLK6WK/ref=sr_1_4?__mk_es_ES=%C3%85M%C3%85%C5%BD%C3%95%C3%91&dchild=1&keywords=iqos&qid=1614678269&sr=8-4
amazon,ES,iQOS,Tobacco Heating Systems,https://www.amazon.es/iqos-2-4-plus-Negro-black/dp/B076HSL91Q/ref=sr_1_1?__mk_es_ES=%C3%85M%C3%85%C5%BD%C3%95%C3%91&dchild=1&keywords=iqos&qid=1614678216&sr=8-1
amazon,ES,iQOS,Tobacco Heating Systems,https://www.amazon.es/IQOS-Kit-Iqos-Duo-Gold/dp/B084RQ3TCS/ref=pd_vtp_3?pd_rd_w=hCBE4&pf_rd_p=e26ef2a7-3c09-4299-894f-7a6c3668f8eb&pf_rd_r=1FXGE2VGHR95TJCZQHX3&pd_rd_r=25eb3ce4-8e02-4bab-b10c-a32db618f5f8&pd_rd_wg=svOj9&pd_rd_i=B084RQ3TCS&psc=1
amazon,ES,iQOS,Tobacco Heating Systems,https://www.amazon.es/IQOS-Iqos-2-4/product-reviews/B075SN47QK?reviewerType=all_reviews
amazon,ES,iQOS,Tobacco Heating Systems,https://www.amazon.es/IQOS-PLUS-NAVY-VERSION-2018/dp/B07CBHQT96/ref=sr_1_1?__mk_es_ES=%C3%85M%C3%85%C5%BD%C3%95%C3%91&dchild=1&keywords=iqos&qid=1616687033&s=hpc&sr=1-1#customerReviews
amazon,GB,iQOS,Tobacco Heating Systems,https://www.amazon.co.uk/dp/B08BJNK6LK
amazon,GB,iQOS,Tobacco Heating Systems,https://www.amazon.co.uk/dp/B07QCB31VV
amazon,GB,iQOS,Tobacco Heating Systems,https://www.amazon.co.uk/dp/B075V2N8F1
iqos,ES,iQOS,Tobacco Heating Systems,https://es.iqos.com/es/product?pid=M0401XX-PCE-ES&dwvar_M0401XX-PCE-ES_color=blue&dwvar_M0401XX-PCE-ES_r=false&cgid=3.0-multi-iqos
iqos,ES,iQOS,Tobacco Heating Systems,https://es.iqos.com/es/tienda/iqos/2.4plus/dispositivos-iqos/cargador-de-bolsillo/M0302.01-PCE-ES.html?dwvar_M0302.01-PCE-ES_color=Slate&dwvar_M0302.01-PCE-ES_r=false&cgid=2.4
iqos,ES,iQOS,Tobacco Heating Systems,https://es.iqos.com/es/tienda/iqos/2.4plus/dispositivos-iqos/kit/M0401.01-PCE-ES.html?dwvar_M0401.01-PCE-ES_color=Pink&dwvar_M0401.01-PCE-ES_r=false&cgid=all_products_duo#tab1
iqos,ES,iQOS,Tobacco Heating Systems,https://es.iqos.com/es/tienda/iqos/duo/dispositivos-iqos/M0401XXX-PCE-ES.html?dwva[%E2%80%A6]=pianoblack&dwvar_M0401XXX-PCE-ES_r=false&cgid=all_products_duo
iqos,IT,iQOS,Tobacco Heating Systems,https://it.iqos.com/it/shop-online/multi-bundle-configuratore
iqos,IT,iQOS,Tobacco Heating Systems,https://it.iqos.com/it/shop-online/iqos-3-duo/kit-it-2/kit-iqos-3-duo-exclusive?variant_id=1372
iqos,IT,iQOS,Tobacco Heating Systems,https://it.iqos.com/it/shop-online/iqos-2.4-e-2.4plus/kit/kit-iqos-2.4-plus-clone-it-5?variant_id=936
iqos,IT,iQOS,Tobacco Heating Systems,https://it.iqos.com/it/shop-online/iqos-2.4-e-2.4plus/kit/kit-iqos-2.4-plus-blue-limited-edition?variant_id=3075
iqos,IT,iQOS,Tobacco Heating Systems,https://it.iqos.com/it/shop-online/kit-iqos/iqos-3-multi?variant_id=286
iqos,IT,iQOS,Tobacco Heating Systems,https://it.iqos.com/it/shop-online/iqos-3-duo/kit-it-2/iqos-3-duo-frosted-red?variant_id=3105
iqos,GB,HEETS,Tobacco Sticks,https://uk.iqos.com/shop/tobacco-sticks/sienna-heets
iqos,GB,HEETS,Tobacco Sticks,https://uk.iqos.com/shop/tobacco-sticks/sienna-caps-selection/sienna-caps-heets
iqos,GB,iQOS,Tobacco Heating Systems,https://uk.iqos.com/shop/device/starter-kit/iqos-3-duo-discovery-kit-bundle
iqos,GB,iQOS,Tobacco Heating Systems,https://uk.iqos.com/shop/device/iqos_2.4_plus/iqos-2.4_plus-starter-kit
iqos,GB,HEETS,Tobacco Sticks,https://uk.iqos.com/shop/tobacco-sticks/heets-yellow
iqos,GB,HEETS,Tobacco Sticks,https://uk.iqos.com/shop/menthol/menthol-selections/heets-turquoise
iqos,GB,HEETS,Tobacco Sticks,https://uk.iqos.com/shop/tobacco-sticks/teak-selection/heets-teak
iqos,GB,HEETS,Tobacco Sticks,https://uk.iqos.com/shop/menthol/menthol-selections/heets-blue
iqos,GB,HEETS,Tobacco Sticks,https://uk.iqos.com/shop/tobacco-sticks/amber-selection/heets-amber
iqos,GB,HEETS,Tobacco Sticks,https://uk.iqos.com/shop/tobacco-sticks/green-selection/green-menthol-heets
iqos,GB,iQOS,Tobacco Heating Systems,https://uk.iqos.com/shop/device/iqos_3_duo/iqos-3-duo-starter-kit
iqos,GB,iQOS,Tobacco Heating Systems,https://uk.iqos.com/shop/device/iqos_3_duo/iqos-3-duo-holder
iqos,GB,iQOS,Tobacco Heating Systems,https://uk.iqos.com/shop/device/iqos_2.4_plus/iqos-2.4-plus-pocket-charger
iqos,GB,iQOS,Tobacco Heating Systems,https://uk.iqos.com/shop/device/starter-kit/iqos-2.4-plus-menthol-kit
iqos,GB,iQOS,Tobacco Heating Systems,https://uk.iqos.com/shop/device/iqos_2.4_plus/iqos-2.4-plus-holder
otzovik,RU,HEETS,Tobacco Sticks,https://otzovik.com/reviews/tabak_nagrevaemiy_parlament_heets/
otzovik,RU,HEETS,Tobacco Sticks,https://otzovik.com/reviews/tabachnie_stiki_philip_morris_heets_turquoise_selection/
otzovik,RU,HEETS,Tobacco Sticks,https://otzovik.com/reviews/tabachnie_stiki_philip_morris_heets_gold_label_dlya_iqos/
otzovik,RU,Fiit,Tobacco Sticks,https://otzovik.com/reviews/tabachnie_stiki_philip_morris_flit_crisp_dlya_lil_solid/
otzovik,RU,Fiit,Tobacco Sticks,https://otzovik.com/reviews/tabachnie_stiki_philip_morris_fiit_regular_dlya_lil_solid/
otzovik,RU,HEETS,Tobacco Sticks,https://otzovik.com/reviews/tabachnie_stiki_heets_purple_label/
otzovik,RU,HEETS,Tobacco Sticks,https://otzovik.com/reviews/tabachnie_stiki_heets_green_zing_dlya_iqos/
otzovik,RU,HEETS,Tobacco Sticks,https://otzovik.com/reviews/tabachnie_stiki_heets_dlya_iqos/
otzovik,RU,HEETS,Tobacco Sticks,https://otzovik.com/reviews/tabachnie_stiki_heets_bronze_label_dlya_iqos/
otzovik,RU,HEETS,Tobacco Sticks,https://otzovik.com/reviews/tabachnie_stiki_heets_amber_label_dlya_iqos/
otzovik,RU,Fiit,Tobacco Sticks,https://otzovik.com/reviews/tabachnie_stiki_fiit_viola/
otzovik,RU,HEETS,Tobacco Sticks,https://otzovik.com/reviews/stiki_philip_morris_heets_dlya_iqos/
otzovik,RU,HEETS,Tobacco Sticks,https://otzovik.com/reviews/stiki_philip_morris_heets_creations_noor/
otzovik,RU,HEETS,Tobacco Sticks,https://otzovik.com/reviews/stiki_philip_morris_dlya_iqos/
otzovik,RU,HEETS,Tobacco Sticks,https://otzovik.com/reviews/stiki_dlya_iqos_heets_purple_wave/
otzovik,RU,HEETS,Tobacco Sticks,https://otzovik.com/reviews/stiki_dlya_iqos_heets_dimensions/
otzovik,RU,HEETS,Tobacco Sticks,https://otzovik.com/reviews/stiki_dlya_iqos_heets_creations_yugen/
otzovik,RU,HEETS,Tobacco Sticks,https://otzovik.com/reviews/stiki_dlya_iqos_heets_creations/
otzovik,RU,Glo,Tobacco Heating Systems,https://otzovik.com/reviews/sistema_nagrevaniya_tabaka_british_americsn_tobacco_glo_pro/
otzovik,RU,iQOS,Tobacco Heating Systems,https://otzovik.com/reviews/sistema_nagrevaniya_tabaka_iqos_multi/
otzovik,RU,Glo,Tobacco Heating Systems,https://otzovik.com/reviews/elektronnaya_sigareta_glo/
otzovik,RU,iQOS,Tobacco Heating Systems,https://otzovik.com/reviews/sistema_nagrevaniya_tabaka_iqos_3/
otzovik,RU,iQOS,Tobacco Heating Systems,https://otzovik.com/reviews/sistema_nagrevaniya_tabaka_iqos_2_4_plus/
otzovik,RU,iQOS,Tobacco Heating Systems,https://otzovik.com/reviews/sistema_nagrevaniya_tabaka_iqos/
otzovik,RU,Glo,Tobacco Heating Systems,https://otzovik.com/reviews/sistema_nagrevaniya_tabaka_british_american_tobacco_glo_hyper/
otzovik,RU,Glo,Tobacco Heating Systems,https://otzovik.com/reviews/sistema_nagrevaniya_tabaka_british_american_tobacco_glo_2/
otzovik,RU,iQOS,Tobacco Heating Systems,https://otzovik.com/reviews/elektronnaya_sigareta_iqos/
otzovik,RU,Ploom,Tobacco Heating Systems,https://otzovik.com/reviews/sistema_nagrevaniya_tabaka_ploom/
otzovik,RU,Glo,Tobacco Heating Systems,https://otzovik.com/reviews/sistema_nagrevaniya_tabaka_british_american_tobacco_glo/
otzovik,RU,iQOS,Tobacco Heating Systems,https://otzovik.com/reviews/elektronnaya_sigareta_philip_morris_iqos/
thevapecig,GB,iQOS,Tobacco Heating Systems,https://www.thevapecig.co.uk/iqos-multi-kit-offer-with-3x-heet-packs-uk-orders-only.html
thevapecig,GB,iQOS,Tobacco Heating Systems,https://www.thevapecig.co.uk/iqos-2-4-plus-kit-uk-orders-only.html
thevapecig,GB,HEETS,Tobacco Sticks,https://www.thevapecig.co.uk/iqos-heet-pack-10x-multi-buy-uk-orders-only.html
vprok,RU,Neo,Tobacco Sticks,https://vprok.ru/catalog/avto-dom-sad-kuhnya/sistema-nagrevaniya-glo/stiki-neo/stiki-neo-demi-tropik-klik-pach--980557
vprok,RU,Neo,Tobacco Sticks,https://vprok.ru/catalog/avto-dom-sad-kuhnya/sistema-nagrevaniya-glo/stiki-neo/stiki-neo-demi-frut-klik-pachka--980553
vprok,RU,Glo,Tobacco Heating Systems,https://vprok.ru/catalog/avto-dom-sad-kuhnya/sistema-nagrevaniya-glo/ustroystva/glo-hyper-ust-dnag-tab-sing401--981369
vprok,RU,Glo,Tobacco Heating Systems,https://vprok.ru/catalog/avto-dom-sad-kuhnya/sistema-nagrevaniya-glo/ustroystva/glo-hyper-ustr-dnag-tab-org401--981362
vprok,RU,Neo,Tobacco Sticks,https://vprok.ru/catalog/avto-dom-sad-kuhnya/sistema-nagrevaniya-glo/stiki-neo/stiki-neo-demi-rubi-bust-pachka--980554
vprok,RU,HEETS,Tobacco Sticks,https://vprok.ru/catalog/avto-dom-sad-kuhnya/sistema-nagrevaniya-iqos/stiki-heets/stiki-heets-creations-glaze-pachka--962816
vprok,RU,Glo,Tobacco Heating Systems,https://vprok.ru/catalog/avto-dom-sad-kuhnya/sistema-nagrevaniya-glo/ustroystva/glo-hyper-ust-dnag-tab-belg400--981364
vprok,RU,Glo,Tobacco Heating Systems,https://vprok.ru/catalog/avto-dom-sad-kuhnya/sistema-nagrevaniya-glo/ustroystva/glo-hyper-ust-dnag-tab-cherg401--981363
vprok,RU,Ploom,Tobacco Heating Systems,https://vprok.ru/catalog/avto-dom-sad-kuhnya/sistema-nagrevaniya-ploom/ustroystva/ploom-ustroystvo-dnagr-tabaka-s-cher--969062
vprok,RU,Glo,Tobacco Heating Systems,https://vprok.ru/catalog/avto-dom-sad-kuhnya/sistema-nagrevaniya-glo/ustroystva/glo-ustroystvo-dnagr-tabaka-el-ser--976665
vprok,RU,Glo,Tobacco Heating Systems,https://vprok.ru/catalog/avto-dom-sad-kuhnya/sistema-nagrevaniya-glo/ustroystva/glo-ustroystvo-dnagr-tabaka-el-cher--976664
vprok,RU,Ploom,Tobacco Sticks,https://vprok.ru/catalog/avto-dom-sad-kuhnya/sistema-nagrevaniya-ploom/stiki-winston/stiki-winston-berry-fresh-pachka--966591
vprok,RU,iQOS,Tobacco Heating Systems,https://vprok.ru/catalog/avto-dom-sad-kuhnya/sistema-nagrevaniya-iqos/ustroystva-iqos/komlpekt-iqos-3-duos-chernyy--966398
vprok,RU,Neo,Tobacco Sticks,https://vprok.ru/catalog/avto-dom-sad-kuhnya/sistema-nagrevaniya-glo/stiki-neo/neo-frut-bust--966218
vprok,RU,Glo,Tobacco Heating Systems,https://vprok.ru/catalog/avto-dom-sad-kuhnya/sistema-nagrevaniya-glo/ustroystva/start-nabor-glo-nano-siniy--966216
vprok,RU,Glo,Tobacco Heating Systems,https://vprok.ru/catalog/avto-dom-sad-kuhnya/sistema-nagrevaniya-glo/ustroystva/start-nabor-glonano-temno-siniy--966213
vprok,RU,Glo,Tobacco Heating Systems,https://vprok.ru/catalog/avto-dom-sad-kuhnya/sistema-nagrevaniya-glo/ustroystva/start-nabor-glo-pro-fistashkovyy--966212
vprok,RU,Glo,Tobacco Heating Systems,https://vprok.ru/catalog/avto-dom-sad-kuhnya/sistema-nagrevaniya-glo/ustroystva/start-nabor-glo-pro-akva--966209
vprok,RU,HEETS,Tobacco Sticks,https://vprok.ru/catalog/avto-dom-sad-kuhnya/sistema-nagrevaniya-iqos/stiki-heets/stiki-heets-creations-yugen-pachka--962817
vprok,RU,HEETS,Tobacco Sticks,https://vprok.ru/catalog/avto-dom-sad-kuhnya/sistema-nagrevaniya-iqos/stiki-heets/stiki-heets-creations-noor-pachka--962815
vprok,RU,HEETS,Tobacco Sticks,https://vprok.ru/catalog/avto-dom-sad-kuhnya/sistema-nagrevaniya-iqos/stiki-heets/stiki-heets-creations-apricity-pachka--962814
vprok,RU,Neo,Tobacco Sticks,https://vprok.ru/catalog/avto-dom-sad-kuhnya/sistema-nagrevaniya-glo/stiki-neo/stiki-neo-krimi-tobakko-pachka--951601
vprok,RU,Neo,Tobacco Sticks,https://vprok.ru/catalog/avto-dom-sad-kuhnya/sistema-nagrevaniya-glo/stiki-neo/stiki-neo-berri-bust-pachka--951574
vprok,RU,Neo,Tobacco Sticks,https://vprok.ru/catalog/avto-dom-sad-kuhnya/sistema-nagrevaniya-glo/stiki-neo/stiki-neo-mohito-klik-pachka--951565
vprok,RU,Glo,Tobacco Heating Systems,https://vprok.ru/catalog/avto-dom-sad-kuhnya/sistema-nagrevaniya-glo/ustroystva/start-nabor-glo-nano-belyy--950140
vprok,RU,Glo,Tobacco Heating Systems,https://vprok.ru/catalog/avto-dom-sad-kuhnya/sistema-nagrevaniya-glo/ustroystva/start-nabor-glo-pro-chernyy--950116
vprok,RU,Glo,Tobacco Heating Systems,https://vprok.ru/catalog/avto-dom-sad-kuhnya/sistema-nagrevaniya-glo/ustroystva/start-nabor-glo-nano-krasnyy--950109
vprok,RU,Glo,Tobacco Heating Systems,https://vprok.ru/catalog/avto-dom-sad-kuhnya/sistema-nagrevaniya-glo/ustroystva/start-nabor-glo-pro-shampan--950103
vprok,RU,HEETS,Tobacco Sticks,https://vprok.ru/catalog/avto-dom-sad-kuhnya/sistema-nagrevaniya-iqos/stiki-heets/tabak-heets-fr-par-gold-s-pachka--873404
vprok,RU,Neo,Tobacco Sticks,https://vprok.ru/catalog/avto-dom-sad-kuhnya/sistema-nagrevaniya-glo/stiki-neo/stiki-neo-mint-klik-pachka--873387
vprok,RU,Neo,Tobacco Sticks,https://vprok.ru/catalog/avto-dom-sad-kuhnya/sistema-nagrevaniya-glo/stiki-neo/stiki-neo-rubi-bust-pachka--873386
vprok,RU,Neo,Tobacco Sticks,https://vprok.ru/catalog/avto-dom-sad-kuhnya/sistema-nagrevaniya-glo/stiki-neo/stiki-neo-klassik-tobakko-pachka--873385
vprok,RU,iQOS,Tobacco Heating Systems,https://vprok.ru/catalog/avto-dom-sad-kuhnya/sistema-nagrevaniya-iqos/ustroystva-iqos/iqos-komplekt-2-4p-chernyy--855418
vprok,RU,HEETS,Tobacco Sticks,https://vprok.ru/catalog/avto-dom-sad-kuhnya/sistema-nagrevaniya-iqos/stiki-heets/stiki-heets-fr-par-purp-w-pachka--717550
vprok,RU,HEETS,Tobacco Sticks,https://vprok.ru/catalog/avto-dom-sad-kuhnya/sistema-nagrevaniya-iqos/stiki-heets/stiki-heets-fr-par-tur-s-pachka--717549
vprok,RU,HEETS,Tobacco Sticks,https://vprok.ru/catalog/avto-dom-sad-kuhnya/sistema-nagrevaniya-iqos/stiki-heets/stiki-heets-fr-par-yel-s-pachka--717548
vprok,RU,HEETS,Tobacco Sticks,https://vprok.ru/catalog/avto-dom-sad-kuhnya/sistema-nagrevaniya-iqos/stiki-heets/stiki-heets-fr-par-am-sel-pachka--717547
vprok,RU,HEETS,Tobacco Sticks,https://vprok.ru/catalog/avto-dom-sad-kuhnya/sistema-nagrevaniya-iqos/stiki-heets/stiki-heets-fr-par-bron-s-pachka--717546
vprok,RU,HEETS,Tobacco Sticks,https://vprok.ru/catalog/avto-dom-sad-kuhnya/sistema-nagrevaniya-iqos/stiki-heets/stiki-heets-green-zing-blok--686702
vprok,RU,HEETS,Tobacco Sticks,https://vprok.ru/catalog/avto-dom-sad-kuhnya/sistema-nagrevaniya-iqos/stiki-heets/stiki-heets-green-zing-pachka--680107
vprok,RU,Glo,Tobacco Heating Systems,https://www.vprok.ru/product/glo-nab-st-glo-hyper-plus-sin-g402--1029535
vprok,RU,lil,Tobacco Heating Systems,https://www.vprok.ru/product/lil-komplekt-lil-solid-siniy--1019521
vprok,RU,iQOS,Tobacco Heating Systems,https://www.vprok.ru/product/iqos-komplekt-iqos-3-duos-nord-vish--1013837
vprok,RU,lil,Tobacco Heating Systems,https://www.vprok.ru/product/lil-el-sist-nagr-tab-lil-solid-bel--1000832
vprok,RU,lil,Tobacco Heating Systems,https://www.vprok.ru/product/el-sist-nagr-tab-lil-solid-cher--1000831
vprok,RU,iQOS,Tobacco Heating Systems,https://www.vprok.ru/product/iqos-komlpekt-iqos-3-duos-belyy--966399
vprok,RU,iQOS,Tobacco Heating Systems,https://www.vprok.ru/product/iqos-komlpekt-iqos-3-duos-siniy--966396
vprok,RU,iQOS,Tobacco Heating Systems,https://www.vprok.ru/product/iqos-komplekt-iqos-3-chernyy--874593
vprok,RU,iQOS,Tobacco Heating Systems,https://www.vprok.ru/product/iqos-iqos-komplekt-2-4p-belyy--855417
vapehq,GB,iQOS,Tobacco Heating Systems,https://vapehq.co.uk/collections/iqos-devices/products/iqos-starter-kit
vapehq,GB,iQOS,Tobacco Heating Systems,https://vapehq.co.uk/collections/iqos-devices/products/iqos-iqos-3-kit
example,RU,Ploom,Tobacco Heating Systems,https://example.com
trustpilot,GB,iQOS,Tobacco Heating Systems,https://www.trustpilot.com/review/uk.iqos.com
trustpilot,GB,Ploom,Tobacco Heating Systems,https://www.trustpilot.com/review/ploom.co.uk
trustpilot,IT,Ploom,Tobacco Heating Systems,https://it.trustpilot.com/review/ploom.it
trustpilot,IT,iQOS,Tobacco Heating Systems,https://it.trustpilot.com/review/iqos.it
trustpilot,IT,Glo,Tobacco Heating Systems,https://it.trustpilot.com/review/www.discoverglo.com
shigaretto,GB,Neo,Tobacco Sticks,https://shigaretto.com/store/glo/glo-ruby-boost/
shigaretto,GB,Neo,Tobacco Sticks,https://shigaretto.com/store/glo/glo-mojito-click/
shigaretto,GB,Neo,Tobacco Sticks,https://shigaretto.com/store/glo/glo-mint-click/
shigaretto,GB,Neo,Tobacco Sticks,https://shigaretto.com/store/glo/glo-creamy-tobacco/
shigaretto,GB,Neo,Tobacco Sticks,https://shigaretto.com/store/glo/glo-classic-tobacco/
shigaretto,GB,Neo,Tobacco Sticks,https://shigaretto.com/store/glo/glo-berry-boost/
shigaretto,GB,HEETS,Tobacco Sticks,https://shigaretto.com/store/iqos/heets-silver-label/
shigaretto,GB,HEETS,Tobacco Sticks,https://shigaretto.com/store/iqos/heets-purple-label/
shigaretto,GB,HEETS,Tobacco Sticks,https://shigaretto.com/store/iqos/heets-green-zing-label/
shigaretto,GB,HEETS,Tobacco Sticks,https://shigaretto.com/store/iqos/heets-gold-selection/
shigaretto,GB,HEETS,Tobacco Sticks,https://shigaretto.com/store/iqos/heets-bronze-label/
shigaretto,GB,HEETS,Tobacco Sticks,https://shigaretto.com/store/iqos/heets-yellow-label/
shigaretto,GB,HEETS,Tobacco Sticks,https://shigaretto.com/store/iqos/heets-glaze-creations/
shigaretto,GB,HEETS,Tobacco Sticks,https://shigaretto.com/store/iqos/heets-noor-creations/
shigaretto,GB,HEETS,Tobacco Sticks,https://shigaretto.com/store/iqos/heets-yugen-creations/
shigaretto,GB,HEETS,Tobacco Sticks,https://shigaretto.com/store/iqos/heets-apricity-creations/
shigaretto,GB,HEETS,Tobacco Sticks,https://shigaretto.com/store/iqos/heets-amber-label/
shigaretto,GB,HEETS,Tobacco Sticks,https://shigaretto.com/store/iqos/heets-turquoise-label/
ebay,DE,iQOS,Tobacco Heating Systems,https://www.ebay.de/itm/IQOS-Starter-Kit-Nachtblau-2-4-Plus/293266423318?epid=15031008994&_trkparms=ispr%3D1&hash=item44480a7e16:g:f5QAAOSwHExgCncD&amdata=enc%3AAQAFAAACcBaobrjLl8XobRIiIML1V4Imu%252Fn%252BzU5L90Z278x5ickkvjzWOStkxwnlDuxSI1PVVnjtRMIGVhuiRYAe3ELO50XbC5Ec8iEZw0EbhcvMcVOhkNNmGyx0goRBo4RpO3i1HrITKBLvF8iC3cNEDdRTtqYz6pgFQSOfxDxTvospJCFNlXrwl59iNA9f%252BhsroH86bH3gULYZD4AWJJwR%252BSK%252Fw49Z3%252B9baLZ7D2toFWiH2GXIrEpSkHBqrock8ZY%252FFb9hbi09si5LfOcYzdYqcqYxY91J0nW8BZ1Zf7N6EGVnpHJiu9mVTfq6bIhWHaowz0v4crZ1DTI233bvoaybNmh3fhdMEZccPNlhgO5%252F82EeEkTu6V6fUMQPDrA1i6SRHBXqXkns065KU6ob21mexl75RzEZHqIOGtImIFdlKu%252BUPG7TaxxmXY0DAGY8U5ptbXpo9HeR08BksamYj9UmuVbfUdvMGGTw2sqZFMHk8l2MwKFfJWguObZKE5wlaitdZd9kWEjb%252FGigBYo3lMOvkup%252BYDYbB4X44RXoywOHmaen7y1BRZvgJtFtEMJregkc0bknvj6DzcG9HzlsbBGBUHO%252FS4Ey%252Bxv1jBYfsKOIKm1PVYMmJiBP0dNVa0DBtOY8QdNQP7G%252Brfg89KIw2gSrxGqCYghUA3dnBKmNmzZsu%252B1Yc5qUbbZFQi%252B4rypkavLzEG0IYojMa%252BhWZRV9iRRkhPdJxQKZSksQH5zpI82vqodjSuBjJ8QT4700qQaXA8J%252FY7jBcyO5foieR%252F2mwfbSHqS3GV3lRe7OoEvZzRvZu06J3MaZATMxpqG5ubM4gl505muOmg%253D%253D%7Ccksum%3A29326642331874ba664d330b4ff98e1aa61bfe02701a%7Campid%3APL_CLK%7Cclp%3A2334524#rwid
ebay,DE,iQOS,Tobacco Heating Systems,https://www.ebay.de/p/15031008994?iid=193845213746#UserReviews
ebay,DE,iQOS,Tobacco Heating Systems,https://www.ebay.de/p/25030499753?iid=293266423410#UserReviews
ebay,DE,iQOS,Tobacco Heating Systems,https://www.ebay.de/itm/IQOS-3-0-In-Velvet-Grey-Neu-OVP/294029690464?epid=22030508155&hash=item4475890660:g:-fQAAOSwVTdgNWfy
ebay,DE,iQOS,Tobacco Heating Systems,https://www.ebay.de/p/20033847774?iid=383965091577#UserReviews
ebay,DE,iQOS,Tobacco Heating Systems,https://www.ebay.de/itm/IQOS-3-Starter-Kit-weis/265062382339?epid=24031283443&hash=item3db6f2fb03:g:WewAAOSwtsRgMqK4#rwid
ebay,DE,iQOS,Tobacco Heating Systems,https://www.ebay.de/itm/IQOS-2-4-PLUS-Kit/233907413623?epid=15031008994&hash=item3675f7e277:g:V3wAAOSw65lgNUJ2#rwid
ebay,DE,Glo,Tobacco Heating Systems,https://www.ebay.de/p/10039281301?iid=203284514213&var=503645633835#UserReviews
ebay,DE,iQOS,Tobacco Heating Systems,https://www.ebay.de/p/18036922585?iid=193864117947&var=494087071248#UserReviews
ebay,DE,iQOS,Tobacco Heating Systems,https://www.ebay.de/p/15031008994?iid=283412770513#UserReviews
ebay,DE,iQOS,Tobacco Heating Systems,https://www.ebay.de/p/22030508155?iid=283412767973#UserReviews
otziv-otziv,RU,iQOS,Tobacco Heating Systems,https://otziv-otziv.ru/katalog/sistemy-nagrevaniya-i-peki/iqos/startovyy-nabor-nagrevaniya-iqos-3-multi.html
otziv-otziv,RU,iQOS,Tobacco Heating Systems,https://otziv-otziv.ru/katalog/sistemy-nagrevaniya-i-peki/iqos/startovyy-nabor-nagrevaniya-iqos-iqos-3-duos.html
otziv-otziv,RU,iQOS,Tobacco Heating Systems,https://otziv-otziv.ru/katalog/sistemy-nagrevaniya-i-peki/iqos/startovyy-nabor-nagrevaniya-iqos-3.html
otziv-otziv,RU,iQOS,Tobacco Heating Systems,https://otziv-otziv.ru/katalog/sistemy-nagrevaniya-i-peki/iqos/startovyy-nabor-nagrevaniya-iqos-2-4-plus.html
otziv-otziv,RU,Glo,Tobacco Heating Systems,https://otziv-otziv.ru/katalog/sistemy-nagrevaniya-i-peki/glo/startovyy-nabor-nagrevaniya-glo-mini.html
otziv-otziv,RU,Glo,Tobacco Heating Systems,https://otziv-otziv.ru/katalog/sistemy-nagrevaniya-i-peki/glo/startovyy-nabor-nagrevaniya-glo-nano.html
otziv-otziv,RU,Glo,Tobacco Heating Systems,https://otziv-otziv.ru/katalog/sistemy-nagrevaniya-i-peki/glo/startovyy-nabor-nagrevaniya-glo-2-0.html
otziv-otziv,RU,Glo,Tobacco Heating Systems,https://otziv-otziv.ru/katalog/sistemy-nagrevaniya-i-peki/glo/startovyy-nabor-nagrevaniya-glo-pro.html
otziv-otziv,RU,Glo,Tobacco Heating Systems,https://otziv-otziv.ru/katalog/sistemy-nagrevaniya-i-peki/glo/startovyy-nabor-nagrevaniya-glo-hyper.html
irecommend,RU,HEETS,Tobacco Sticks,https://irecommend.ru/content/tabachnye-stiki-dlya-iqos-parlament-tropical-swift-0
irecommend,RU,HEETS,Tobacco Sticks,https://irecommend.ru/content/tabachnye-stiki-dlya-iqos-parlament-tropical-swift
irecommend,RU,HEETS,Tobacco Sticks,https://irecommend.ru/content/stiki-tabachnye-dlya-iqos-filip-morris-heets-amber-label
irecommend,RU,Glo,Tobacco Heating Systems,https://irecommend.ru/content/sistema-nagrevaniya-tabaka-glo-g004
irecommend,RU,HEETS,Tobacco Sticks,https://irecommend.ru/content/tabachnye-stiki-dlya-iqos-heets-parlament-teak-selection
irecommend,RU,HEETS,Tobacco Sticks,https://irecommend.ru/content/tabachnye-stiki-dlya-iqos-filip-morris-heets-silver-selection
irecommend,RU,Neo,Tobacco Sticks,https://irecommend.ru/content/tabachnye-stiki-dlya-glo-british-american-tobacco-glo-neo-sticks-watermelon-mix
irecommend,RU,Glo,Tobacco Heating Systems,https://irecommend.ru/content/elektronnaya-sigareta-glo-glo-mini
irecommend,RU,Fiit,Tobacco Sticks,https://irecommend.ru/content/tabachnye-stiki-lil-solid-filip-morris-fiit-regular
irecommend,RU,Fiit,Tobacco Sticks,https://irecommend.ru/content/tabachnye-stiki-lil-solid-filip-morris-fiit-crisp
irecommend,RU,HEETS,Tobacco Sticks,https://irecommend.ru/content/tabachnye-stiki-dlya-iqos-filip-morris-purple-wave
irecommend,RU,HEETS,Tobacco Sticks,https://irecommend.ru/content/tabachnye-stiki-dlya-iqos-filip-morris-parliament-blue
irecommend,RU,HEETS,Tobacco Sticks,https://irecommend.ru/content/tabachnye-stiki-dlya-iqos-filip-morris-heets-turquoise-selection
irecommend,RU,HEETS,Tobacco Sticks,https://irecommend.ru/content/tabachnye-stiki-dlya-iqos-filip-morris-heets-turquoise-label
irecommend,RU,HEETS,Tobacco Sticks,https://irecommend.ru/content/tabachnye-stiki-dlya-iqos-filip-morris-heets-purple-label
irecommend,RU,HEETS,Tobacco Sticks,https://irecommend.ru/content/tabachnye-stiki-dlya-iqos-filip-morris-heets-green-zing
irecommend,RU,HEETS,Tobacco Sticks,https://irecommend.ru/content/tabachnye-stiki-dlya-iqos-filip-morris-heets-gold-selection
irecommend,RU,HEETS,Tobacco Sticks,https://irecommend.ru/content/tabachnye-stiki-dlya-iqos-filip-morris-heets-creations-yugen
irecommend,RU,HEETS,Tobacco Sticks,https://irecommend.ru/content/tabachnye-stiki-dlya-iqos-filip-morris-heets-creations-noor
irecommend,RU,HEETS,Tobacco Sticks,https://irecommend.ru/content/tabachnye-stiki-dlya-iqos-filip-morris-heets-creations-glaze
irecommend,RU,HEETS,Tobacco Sticks,https://irecommend.ru/content/tabachnye-stiki-dlya-iqos-filip-morris-heets-creations-apricity
irecommend,RU,HEETS,Tobacco Sticks,https://irecommend.ru/content/tabachnye-stiki-dlya-iqos-filip-morris-heets-bronze-label
irecommend,RU,HEETS,Tobacco Sticks,https://irecommend.ru/content/tabachnye-stiki-dlya-iqos-filip-morris-heet-yellow-label
irecommend,RU,Fiit,Tobacco Sticks,https://irecommend.ru/content/tabachnye-stiki-dlya-iqos-filip-morris-fiit-viola
irecommend,RU,Neo,Tobacco Sticks,https://irecommend.ru/content/tabachnye-stiki-dlya-glo-british-american-tobacco-neo-boost-red
irecommend,RU,Neo,Tobacco Sticks,https://irecommend.ru/content/tabachnye-stiki-dlya-glo-british-american-tobacco-kent-neostiks-dark-fresh
irecommend,RU,Neo,Tobacco Sticks,https://irecommend.ru/content/tabachnye-stiki-dlya-glo-british-american-tobacco-kent-neostik-rubi-bust
irecommend,RU,HEETS,Tobacco Sticks,https://irecommend.ru/content/stiki-tabachnye-dlya-iqos-filip-morris-iqos-3
irecommend,RU,Ploom,Tobacco Heating Systems,https://irecommend.ru/content/sistema-nagrevaniya-tabaka-ploom
irecommend,RU,Glo,Tobacco Heating Systems,https://irecommend.ru/content/sistema-nagrevaniya-tabaka-glo-nano
irecommend,RU,Glo,Tobacco Heating Systems,https://irecommend.ru/content/sistema-nagrevaniya-tabaka-glo-hyper
irecommend,RU,lil,Tobacco Heating Systems,https://irecommend.ru/content/sistema-nagrevaniya-tabaka-filip-morris-lil-solid-ot-iqos
irecommend,RU,Glo,Tobacco Heating Systems,https://irecommend.ru/content/sistema-nagrevaniya-tabaka-british-american-tobacco-glo-pro
irecommend,RU,Glo,Tobacco Heating Systems,https://irecommend.ru/content/sistema-nagrevaniya-tabaka-british-american-tobacco-glo-2
irecommend,RU,Glo,Tobacco Heating Systems,https://irecommend.ru/content/sistema-nagrevaniya-tabaka-british-american-tobacco-glo
irecommend,RU,iQOS,Tobacco Heating Systems,https://irecommend.ru/content/iqos-3-multi-elektronnaya-sistema-nagrevaniya-tabaka
irecommend,RU,iQOS,Tobacco Heating Systems,https://irecommend.ru/content/iqos-24-plus-limited-edition
irecommend,RU,iQOS,Tobacco Heating Systems,https://irecommend.ru/content/elektronnaya-sigareta-philip-morris-iqos
irecommend,RU,iQOS,Tobacco Heating Systems,https://irecommend.ru/content/elektronnaya-sigareta-iqos-ustroistvo-3-duos
irecommend,RU,iQOS,Tobacco Heating Systems,https://irecommend.ru/content/elektronnaya-sigareta-iqos-iqos-24
irecommend,RU,iQOS,Tobacco Heating Systems,https://irecommend.ru/content/elektronnaya-sigareta-iqos-derzhatel-24p-a1403
irecommend,RU,iQOS,Tobacco Heating Systems,https://irecommend.ru/content/elektronnaya-sigareta-iqos-3
vapourcore,GB,HEETS,Tobacco Sticks,https://www.vapourcore.com/iqos-heets-sienna-label-carton-200-sticks.html
vapourcore,GB,HEETS,Tobacco Sticks,https://www.vapourcore.com/iqos-heets-green-label-carton-200-sticks.html
vapourcore,GB,HEETS,Tobacco Sticks,https://www.vapourcore.com/heets-amber-label-for-iqos.html
krasnoeibeloe,RU,lil,Tobacco Heating Systems,https://krasnoeibeloe.ru/catalog/logic_iqos_juul_ploom_glo/tvape/_lil_/
krasnoeibeloe,RU,Glo,Tobacco Heating Systems,https://krasnoeibeloe.ru/catalog/logic_iqos_juul_ploom_glo/glo/_glo_hyper__1/
krasnoeibeloe,RU,Glo,Tobacco Heating Systems,https://krasnoeibeloe.ru/catalog/logic_iqos_juul_ploom_glo/glo/_glo_hyper_/
krasnoeibeloe,RU,Ploom,Tobacco Heating Systems,https://krasnoeibeloe.ru/catalog/logic_iqos_juul_ploom_glo/ploom/_ploom_/
krasnoeibeloe,RU,iQOS,Tobacco Heating Systems,https://krasnoeibeloe.ru/catalog/logic_iqos_juul_ploom_glo/tvape/_iqos_3_duos__1/
krasnoeibeloe,RU,iQOS,Tobacco Heating Systems,https://krasnoeibeloe.ru/catalog/logic_iqos_juul_ploom_glo/tvape/_iqos_3_duos_/
krasnoeibeloe,RU,iQOS,Tobacco Heating Systems,https://krasnoeibeloe.ru/catalog/tvape/_2_4__1/
krasnoeibeloe,RU,iQOS,Tobacco Heating Systems,https://krasnoeibeloe.ru/catalog/tvape/_2_4_/
amazon,JP,Ploom,Tobacco Heating Systems,https://www.amazon.co.jp/-/en/dp/B07PFN5LPQ/
amazon,JP,Ploom,Tobacco Heating Systems,https://www.amazon.co.jp/-/en/dp/B08FRQ1P2Y/
amazon,JP,Ploom,Tobacco Heating Systems,https://www.amazon.co.jp/-/en/dp/B07Y4MKBCR/
amazon,JP,Ploom,Tobacco Heating Systems,https://www.amazon.co.jp/-/en/dp/B07NC4G6N6/
amazon,JP,Ploom,Tobacco Heating Systems,https://www.amazon.co.jp/-/en/dp/B084T2NVD5/
amazon,JP,Ploom,Tobacco Heating Systems,https://www.amazon.co.jp/-/en/dp/B084T2XN3P/
amazon,JP,Ploom,Tobacco Heating Systems,https://www.amazon.co.jp/-/en/dp/B07NCC83WL/
amazon,JP,Ploom,Tobacco Heating Systems,https://www.amazon.co.jp/-/en/dp/B08FMLVBBS/
amazon,JP,Ploom,Tobacco Heating Systems,https://www.amazon.co.jp/-/en/dp/B08CZZFHYX/
amazon,JP,Ploom,Tobacco Heating Systems,https://www.amazon.co.jp/-/en/dp/B07NC4ZPGM/
amazon,JP,Ploom,Tobacco Heating Systems,https://www.amazon.co.jp/-/en/dp/B08CZXKWLB/
amazon,JP,Ploom,Tobacco Heating Systems,https://www.amazon.co.jp/-/en/dp/B08CZZ853W/
amazon,JP,Glo,Tobacco Heating Systems,https://www.amazon.co.jp/-/en/dp/B082M29P64/
amazon,JP,Glo,Tobacco Heating Systems,https://www.amazon.co.jp/-/en/dp/B081JBK635/
amazon,JP,Glo,Tobacco Heating Systems,https://www.amazon.co.jp/-/en/dp/B081KWQLSW/
amazon,JP,Glo,Tobacco Heating Systems,https://www.amazon.co.jp/-/en/dp/B082NMDFM4/
amazon,JP,Glo,Tobacco Heating Systems,https://www.amazon.co.jp/-/en/dp/B07ZR8YT3Q/
amazon,JP,Glo,Tobacco Heating Systems,https://www.amazon.co.jp/-/en/dp/B0857B55F1/
amazon,JP,Glo,Tobacco Heating Systems,https://www.amazon.co.jp/-/en/dp/B07TBHXKNX/
amazon,JP,Glo,Tobacco Heating Systems,https://www.amazon.co.jp/-/en/dp/B07HHCJRZ7/
amazon,JP,Glo,Tobacco Heating Systems,https://www.amazon.co.jp/-/en/dp/B07V2CMTZ7/
amazon,JP,Glo,Tobacco Heating Systems,https://www.amazon.co.jp/-/en/dp/B07V7SPL41/
amazon,JP,Glo,Tobacco Heating Systems,https://www.amazon.co.jp/-/en/dp/B08D733QH6/
amazon,JP,Glo,Tobacco Heating Systems,https://www.amazon.co.jp/-/en/dp/B0768SMYZH/
amazon,JP,Glo,Tobacco Heating Systems,https://www.amazon.co.jp/-/en/dp/B07HHBRXV4/
amazon,JP,Glo,Tobacco Heating Systems,https://www.amazon.co.jp/-/en/dp/B0874WCYYK/
amazon,JP,Glo,Tobacco Heating Systems,https://www.amazon.co.jp/-/en/dp/B07Q34N3WP/
amazon,JP,Glo,Tobacco Heating Systems,https://www.amazon.co.jp/-/en/dp/B07SM4L8B9/
amazon,JP,Glo,Tobacco Heating Systems,https://www.amazon.co.jp/-/en/dp/B085DP5G26/
amazon,JP,Glo,Tobacco Heating Systems,https://www.amazon.co.jp/-/en/dp/B0874W76Y1/
amazon,JP,Glo,Tobacco Heating Systems,https://www.amazon.co.jp/-/en/dp/B07YS77HFR/
amazon,JP,Glo,Tobacco Heating Systems,https://www.amazon.co.jp/-/en/dp/B07YZ535BD/
amazon,JP,Glo,Tobacco Heating Systems,https://www.amazon.co.jp/-/en/dp/B07Z2JFDPY/
amazon,JP,Glo,Tobacco Heating Systems,https://www.amazon.co.jp/-/en/dp/B085S4YBNV/
amazon,JP,Glo,Tobacco Heating Systems,https://www.amazon.co.jp/-/en/dp/B073S19C6Z/
amazon,JP,Glo,Tobacco Heating Systems,https://www.amazon.co.jp/-/en/dp/B07Z96L8D7/
amazon,JP,Glo,Tobacco Heating Systems,https://www.amazon.co.jp/-/en/dp/B07YS7MXYW/
amazon,JP,Glo,Tobacco Heating Systems,https://www.amazon.co.jp/-/en/dp/B07GBWSPCZ/
amazon,JP,Glo,Tobacco Heating Systems,https://www.amazon.co.jp/-/en/dp/B07NGGMNDL/
amazon,JP,Glo,Tobacco Heating Systems,https://www.amazon.co.jp/-/en/dp/B07NGLDLVH/
amazon,JP,Glo,Tobacco Heating Systems,https://www.amazon.co.jp/-/en/dp/B07NGNKJ53/
amazon,JP,Glo,Tobacco Heating Systems,https://www.amazon.co.jp/-/en/dp/B07F166ZNG/
amazon,JP,Glo,Tobacco Heating Systems,https://www.amazon.co.jp/-/en/dp/B07LC61VYF/
amazon,JP,Glo,Tobacco Heating Systems,https://www.amazon.co.jp/-/en/dp/B079WN6NTR/
amazon,JP,Glo,Tobacco Heating Systems,https://www.amazon.co.jp/-/en/dp/B06WVJXK9X/
amazon,JP,iQOS,Tobacco Heating Systems,https://www.amazon.co.jp/-/en/dp/B06XKFLBB2/
amazon,JP,iQOS,Tobacco Heating Systems,https://www.amazon.co.jp/-/en/dp/B07KM3K56K/
amazon,JP,iQOS,Tobacco Heating Systems,https://www.amazon.co.jp/-/en/dp/B089NJ13XP/
amazon,JP,iQOS,Tobacco Heating Systems,https://www.amazon.co.jp/-/en/dp/B08T9C8CKC/
amazon,JP,iQOS,Tobacco Heating Systems,https://www.amazon.co.jp/-/en/dp/B089R696RX/
amazon,JP,iQOS,Tobacco Heating Systems,https://www.amazon.co.jp/-/en/dp/B06XJ383TQ/
amazon,JP,iQOS,Tobacco Heating Systems,https://www.amazon.co.jp/-/en/dp/B07KMCFHVZ/
amazon,JP,iQOS,Tobacco Heating Systems,https://www.amazon.co.jp/-/en/dp/B08FWZRWTX/
amazon,JP,iQOS,Tobacco Heating Systems,https://www.amazon.co.jp/-/en/dp/B01FVK17AU/
amazon,JP,iQOS,Tobacco Heating Systems,https://www.amazon.co.jp/-/en/dp/B07KMCSPWY/
amazon,JP,iQOS,Tobacco Heating Systems,https://www.amazon.co.jp/-/en/dp/B07YLQCM9F/
amazon,JP,iQOS,Tobacco Heating Systems,https://www.amazon.co.jp/-/en/dp/B07YXZF7S9/
amazon,JP,iQOS,Tobacco Heating Systems,https://www.amazon.co.jp/-/en/dp/B07YMMV6JY/
amazon,JP,iQOS,Tobacco Heating Systems,https://www.amazon.co.jp/-/en/dp/B07YXZR464/
amazon,JP,iQOS,Tobacco Heating Systems,https://www.amazon.co.jp/-/en/dp/B0716N7B3J/
amazon,JP,iQOS,Tobacco Heating Systems,https://www.amazon.co.jp/-/en/dp/B07YY14SDK/
amazon,JP,iQOS,Tobacco Heating Systems,https://www.amazon.co.jp/-/en/dp/B07KT9YYS9/
amazon,JP,iQOS,Tobacco Heating Systems,https://www.amazon.co.jp/-/en/dp/B07KT9RWCM/
amazon,JP,iQOS,Tobacco Heating Systems,https://www.amazon.co.jp/-/en/dp/B06XKT6L1C/
amazon,JP,iQOS,Tobacco Heating Systems,https://www.amazon.co.jp/-/en/dp/B07DBZ57DX/
amazon,JP,iQOS,Tobacco Heating Systems,https://www.amazon.co.jp/-/en/dp/B08XMKW883/